issued_at,valid_time,turbine_id,horizon_hours,fit_cutoff,provider_offset_hours,provider_available_bound,actual,prediction,error,model
2026-01-29T19:00:00Z,2026-01-30T19:00:00Z,turbine_1,25,2025-12-31T19:00:00Z,48,2026-01-29T03:00:00Z,0.1383333333333333,0.517092748124209,0.3787594147908757,curve
2026-01-29T19:00:00Z,2026-01-30T20:00:00Z,turbine_1,26,2025-12-31T19:00:00Z,48,2026-01-29T04:00:00Z,0.1433333333333333,0.5648384590710905,0.4215051257377572,curve
2026-01-29T19:00:00Z,2026-01-30T21:00:00Z,turbine_1,27,2025-12-31T19:00:00Z,48,2026-01-29T05:00:00Z,0.1866666666666666,0.5867805654518423,0.4001138987851757,curve
2026-01-29T19:00:00Z,2026-01-30T22:00:00Z,turbine_1,28,2025-12-31T19:00:00Z,48,2026-01-29T06:00:00Z,0.13,0.5547105809914492,0.4247105809914492,curve
2026-01-29T19:00:00Z,2026-01-30T23:00:00Z,turbine_1,29,2025-12-31T19:00:00Z,48,2026-01-29T07:00:00Z,0.0783333333333333,0.5604979398941013,0.482164606560768,curve
2026-01-29T19:00:00Z,2026-01-31T00:00:00Z,turbine_1,30,2025-12-31T19:00:00Z,48,2026-01-29T08:00:00Z,0.1116666666666666,0.5518169015401229,0.4401502348734563,curve
2026-01-29T19:00:00Z,2026-01-31T01:00:00Z,turbine_1,31,2025-12-31T19:00:00Z,48,2026-01-29T09:00:00Z,0.145,0.5532637412657859,0.4082637412657859,curve
2026-01-29T19:00:00Z,2026-01-31T02:00:00Z,turbine_1,32,2025-12-31T19:00:00Z,48,2026-01-29T10:00:00Z,0.48,0.5691789782480798,0.0891789782480798,curve
2026-01-29T19:00:00Z,2026-01-31T03:00:00Z,turbine_1,33,2025-12-31T19:00:00Z,48,2026-01-29T11:00:00Z,0.5016666666666666,0.6369116046059518,0.1352449379392851,curve
2026-01-29T19:00:00Z,2026-01-31T04:00:00Z,turbine_1,34,2025-12-31T19:00:00Z,48,2026-01-29T12:00:00Z,0.5216666666666666,0.695652983411997,0.1739863167453303,curve
2026-01-29T19:00:00Z,2026-01-31T05:00:00Z,turbine_1,35,2025-12-31T19:00:00Z,48,2026-01-29T13:00:00Z,0.95,0.5561574207171123,-0.3938425792828877,curve
2026-01-29T19:00:00Z,2026-01-31T06:00:00Z,turbine_1,36,2025-12-31T19:00:00Z,48,2026-01-29T14:00:00Z,0.9583333333333334,0.5778600166020584,-0.3804733167312749,curve
2026-01-29T19:00:00Z,2026-01-31T07:00:00Z,turbine_1,37,2025-12-31T19:00:00Z,48,2026-01-29T15:00:00Z,0.9266666666666666,0.5852139704782765,-0.3414526961883901,curve
2026-01-29T19:00:00Z,2026-01-31T08:00:00Z,turbine_1,38,2025-12-31T19:00:00Z,48,2026-01-29T16:00:00Z,0.945,0.5648384590710905,-0.3801615409289094,curve
2026-01-29T19:00:00Z,2026-01-31T09:00:00Z,turbine_1,39,2025-12-31T19:00:00Z,48,2026-01-29T17:00:00Z,0.8783333333333333,0.5993133252403697,-0.2790200080929635,curve
2026-01-29T19:00:00Z,2026-01-31T10:00:00Z,turbine_1,40,2025-12-31T19:00:00Z,48,2026-01-29T18:00:00Z,0.875,0.6886371794059571,-0.1863628205940428,curve
2026-01-29T19:00:00Z,2026-01-31T11:00:00Z,turbine_1,41,2025-12-31T19:00:00Z,48,2026-01-29T19:00:00Z,0.8450000000000001,0.6181124649231609,-0.2268875350768392,curve
2026-01-29T19:00:00Z,2026-01-31T12:00:00Z,turbine_1,42,2025-12-31T19:00:00Z,72,2026-01-28T20:00:00Z,0.7983333333333333,0.5041823793890658,-0.2941509539442675,curve
2026-01-29T19:00:00Z,2026-01-31T13:00:00Z,turbine_1,43,2025-12-31T19:00:00Z,72,2026-01-28T21:00:00Z,0.81,0.4352905882576621,-0.3747094117423379,curve
2026-01-29T19:00:00Z,2026-01-31T14:00:00Z,turbine_1,44,2025-12-31T19:00:00Z,72,2026-01-28T22:00:00Z,0.8216666666666667,0.2577042344757416,-0.5639624321909251,curve
2026-01-29T19:00:00Z,2026-01-31T15:00:00Z,turbine_1,45,2025-12-31T19:00:00Z,72,2026-01-28T23:00:00Z,0.3383333333333334,0.1159478005811173,-0.222385532752216,curve
2026-01-29T19:00:00Z,2026-01-31T16:00:00Z,turbine_1,46,2025-12-31T19:00:00Z,72,2026-01-29T00:00:00Z,0.03,0.0526327183119998,0.0226327183119998,curve
2026-01-29T19:00:00Z,2026-01-31T17:00:00Z,turbine_1,47,2025-12-31T19:00:00Z,72,2026-01-29T01:00:00Z,0.0166666666666666,0.014382070949185,-0.0022845957174815,curve
2026-01-29T19:00:00Z,2026-01-31T18:00:00Z,turbine_1,48,2025-12-31T19:00:00Z,72,2026-01-29T02:00:00Z,0.1999999999999999,0.0101468951675158,-0.189853104832484,curve
2026-01-29T19:00:00Z,2026-01-30T19:00:00Z,turbine_2,25,2025-12-31T19:00:00Z,48,2026-01-29T03:00:00Z,0.1533333333333333,0.5019479855950021,0.3486146522616687,curve
2026-01-29T19:00:00Z,2026-01-30T20:00:00Z,turbine_2,26,2025-12-31T19:00:00Z,48,2026-01-29T04:00:00Z,0.1166666666666666,0.5561861808492203,0.4395195141825537,curve
2026-01-29T19:00:00Z,2026-01-30T21:00:00Z,turbine_2,27,2025-12-31T19:00:00Z,48,2026-01-29T05:00:00Z,0.16,0.5802891227824789,0.4202891227824789,curve
2026-01-29T19:00:00Z,2026-01-30T22:00:00Z,turbine_2,28,2025-12-31T19:00:00Z,48,2026-01-29T06:00:00Z,0.1216666666666666,0.5446811091286289,0.4230144424619623,curve
2026-01-29T19:00:00Z,2026-01-30T23:00:00Z,turbine_2,29,2025-12-31T19:00:00Z,48,2026-01-29T07:00:00Z,0.0716666666666666,0.5512554358261097,0.4795887691594431,curve
2026-01-29T19:00:00Z,2026-01-31T00:00:00Z,turbine_2,30,2025-12-31T19:00:00Z,48,2026-01-29T08:00:00Z,0.1066666666666666,0.5413939457798882,0.4347272791132216,curve
2026-01-29T19:00:00Z,2026-01-31T01:00:00Z,turbine_2,31,2025-12-31T19:00:00Z,48,2026-01-29T09:00:00Z,0.1033333333333333,0.5430375274542584,0.4397041941209251,curve
2026-01-29T19:00:00Z,2026-01-31T02:00:00Z,turbine_2,32,2025-12-31T19:00:00Z,48,2026-01-29T10:00:00Z,0.4716666666666667,0.5611169258723313,0.0894502592056646,curve
2026-01-29T19:00:00Z,2026-01-31T03:00:00Z,turbine_2,33,2025-12-31T19:00:00Z,48,2026-01-29T11:00:00Z,0.48,0.6240712054456022,0.1440712054456022,curve
2026-01-29T19:00:00Z,2026-01-31T04:00:00Z,turbine_2,34,2025-12-31T19:00:00Z,48,2026-01-29T12:00:00Z,0.6583333333333333,0.6812053328631323,0.022871999529799,curve
2026-01-29T19:00:00Z,2026-01-31T05:00:00Z,turbine_2,35,2025-12-31T19:00:00Z,48,2026-01-29T13:00:00Z,0.9383333333333334,0.5463246908029991,-0.3920086425303343,curve
2026-01-29T19:00:00Z,2026-01-31T06:00:00Z,turbine_2,36,2025-12-31T19:00:00Z,48,2026-01-29T14:00:00Z,0.9766666666666666,0.5709784159185529,-0.4056882507481136,curve
2026-01-29T19:00:00Z,2026-01-31T07:00:00Z,turbine_2,37,2025-12-31T19:00:00Z,48,2026-01-29T15:00:00Z,0.9683333333333332,0.5789209326992563,-0.3894124006340769,curve
2026-01-29T19:00:00Z,2026-01-31T08:00:00Z,turbine_2,38,2025-12-31T19:00:00Z,48,2026-01-29T16:00:00Z,0.9766666666666666,0.5561861808492203,-0.4204804858174462,curve
2026-01-29T19:00:00Z,2026-01-31T09:00:00Z,turbine_2,39,2025-12-31T19:00:00Z,48,2026-01-29T17:00:00Z,0.8933333333333332,0.5912346434482597,-0.3020986898850735,curve
2026-01-29T19:00:00Z,2026-01-31T10:00:00Z,turbine_2,40,2025-12-31T19:00:00Z,48,2026-01-29T18:00:00Z,0.9,0.6738630232618888,-0.2261369767381111,curve
2026-01-29T19:00:00Z,2026-01-31T11:00:00Z,turbine_2,41,2025-12-31T19:00:00Z,48,2026-01-29T19:00:00Z,0.94,0.6076529244469311,-0.3323470755530688,curve
2026-01-29T19:00:00Z,2026-01-31T12:00:00Z,turbine_2,42,2025-12-31T19:00:00Z,72,2026-01-28T20:00:00Z,0.8566666666666666,0.4883526160318241,-0.3683140506348424,curve
2026-01-29T19:00:00Z,2026-01-31T13:00:00Z,turbine_2,43,2025-12-31T19:00:00Z,72,2026-01-28T21:00:00Z,0.8250000000000001,0.4207783207924442,-0.4042216792075558,curve
2026-01-29T19:00:00Z,2026-01-31T14:00:00Z,turbine_2,44,2025-12-31T19:00:00Z,72,2026-01-28T22:00:00Z,0.8833333333333333,0.2482673910608266,-0.6350659422725067,curve
2026-01-29T19:00:00Z,2026-01-31T15:00:00Z,turbine_2,45,2025-12-31T19:00:00Z,72,2026-01-28T23:00:00Z,0.3516666666666666,0.1103782697110002,-0.2412883969556664,curve
2026-01-29T19:00:00Z,2026-01-31T16:00:00Z,turbine_2,46,2025-12-31T19:00:00Z,72,2026-01-29T00:00:00Z,0.0266666666666666,0.049207092119246,0.0225404254525794,curve
2026-01-29T19:00:00Z,2026-01-31T17:00:00Z,turbine_2,47,2025-12-31T19:00:00Z,72,2026-01-29T01:00:00Z,0.02,0.013252824297624,-0.0067471757023759,curve
2026-01-29T19:00:00Z,2026-01-31T18:00:00Z,turbine_2,48,2025-12-31T19:00:00Z,72,2026-01-29T02:00:00Z,0.1999999999999999,0.0097387806321043,-0.1902612193678955,curve
2026-01-29T19:00:00Z,2026-01-30T19:00:00Z,turbine_1,25,2025-12-31T19:00:00Z,48,2026-01-29T03:00:00Z,0.1383333333333333,0.3633439501690609,0.2250106168357276,fresh_wind_cat
2026-01-29T19:00:00Z,2026-01-30T20:00:00Z,turbine_1,26,2025-12-31T19:00:00Z,48,2026-01-29T04:00:00Z,0.1433333333333333,0.3728758726976522,0.2295425393643189,fresh_wind_cat
2026-01-29T19:00:00Z,2026-01-30T21:00:00Z,turbine_1,27,2025-12-31T19:00:00Z,48,2026-01-29T05:00:00Z,0.1866666666666666,0.3843293345124424,0.1976626678457758,fresh_wind_cat
2026-01-29T19:00:00Z,2026-01-30T22:00:00Z,turbine_1,28,2025-12-31T19:00:00Z,48,2026-01-29T06:00:00Z,0.13,0.3831833160296866,0.2531833160296866,fresh_wind_cat
2026-01-29T19:00:00Z,2026-01-30T23:00:00Z,turbine_1,29,2025-12-31T19:00:00Z,48,2026-01-29T07:00:00Z,0.0783333333333333,0.3181179177288897,0.2397845843955564,fresh_wind_cat
2026-01-29T19:00:00Z,2026-01-31T00:00:00Z,turbine_1,30,2025-12-31T19:00:00Z,48,2026-01-29T08:00:00Z,0.1116666666666666,0.587756005921508,0.4760893392548414,fresh_wind_cat
2026-01-29T19:00:00Z,2026-01-31T01:00:00Z,turbine_1,31,2025-12-31T19:00:00Z,48,2026-01-29T09:00:00Z,0.145,0.6582433764146239,0.5132433764146239,fresh_wind_cat
2026-01-29T19:00:00Z,2026-01-31T02:00:00Z,turbine_1,32,2025-12-31T19:00:00Z,48,2026-01-29T10:00:00Z,0.48,0.6625361548555163,0.1825361548555163,fresh_wind_cat
2026-01-29T19:00:00Z,2026-01-31T03:00:00Z,turbine_1,33,2025-12-31T19:00:00Z,48,2026-01-29T11:00:00Z,0.5016666666666666,0.7274662889458586,0.225799622279192,fresh_wind_cat
2026-01-29T19:00:00Z,2026-01-31T04:00:00Z,turbine_1,34,2025-12-31T19:00:00Z,48,2026-01-29T12:00:00Z,0.5216666666666666,0.7547025584013808,0.2330358917347141,fresh_wind_cat
2026-01-29T19:00:00Z,2026-01-31T05:00:00Z,turbine_1,35,2025-12-31T19:00:00Z,48,2026-01-29T13:00:00Z,0.95,0.8476679084713723,-0.1023320915286276,fresh_wind_cat
2026-01-29T19:00:00Z,2026-01-31T06:00:00Z,turbine_1,36,2025-12-31T19:00:00Z,48,2026-01-29T14:00:00Z,0.9583333333333334,0.8057767185857192,-0.1525566147476141,fresh_wind_cat
2026-01-29T19:00:00Z,2026-01-31T07:00:00Z,turbine_1,37,2025-12-31T19:00:00Z,48,2026-01-29T15:00:00Z,0.9266666666666666,0.7974324587165357,-0.1292342079501309,fresh_wind_cat
2026-01-29T19:00:00Z,2026-01-31T08:00:00Z,turbine_1,38,2025-12-31T19:00:00Z,48,2026-01-29T16:00:00Z,0.945,0.8438746485867837,-0.1011253514132162,fresh_wind_cat
2026-01-29T19:00:00Z,2026-01-31T09:00:00Z,turbine_1,39,2025-12-31T19:00:00Z,48,2026-01-29T17:00:00Z,0.8783333333333333,0.8602743256892201,-0.0180590076441131,fresh_wind_cat
2026-01-29T19:00:00Z,2026-01-31T10:00:00Z,turbine_1,40,2025-12-31T19:00:00Z,48,2026-01-29T18:00:00Z,0.875,0.8652976258228235,-0.0097023741771764,fresh_wind_cat
2026-01-29T19:00:00Z,2026-01-31T11:00:00Z,turbine_1,41,2025-12-31T19:00:00Z,48,2026-01-29T19:00:00Z,0.8450000000000001,0.6594039468204091,-0.1855960531795909,fresh_wind_cat
2026-01-29T19:00:00Z,2026-01-31T12:00:00Z,turbine_1,42,2025-12-31T19:00:00Z,72,2026-01-28T20:00:00Z,0.7983333333333333,0.5280957717553023,-0.270237561578031,fresh_wind_cat
2026-01-29T19:00:00Z,2026-01-31T13:00:00Z,turbine_1,43,2025-12-31T19:00:00Z,72,2026-01-28T21:00:00Z,0.81,0.4208039315291412,-0.3891960684708588,fresh_wind_cat
2026-01-29T19:00:00Z,2026-01-31T14:00:00Z,turbine_1,44,2025-12-31T19:00:00Z,72,2026-01-28T22:00:00Z,0.8216666666666667,0.3020060313963504,-0.5196606352703163,fresh_wind_cat
2026-01-29T19:00:00Z,2026-01-31T15:00:00Z,turbine_1,45,2025-12-31T19:00:00Z,72,2026-01-28T23:00:00Z,0.3383333333333334,0.2416973782970258,-0.0966359550363075,fresh_wind_cat
2026-01-29T19:00:00Z,2026-01-31T16:00:00Z,turbine_1,46,2025-12-31T19:00:00Z,72,2026-01-29T00:00:00Z,0.03,0.1227146564675381,0.0927146564675381,fresh_wind_cat
2026-01-29T19:00:00Z,2026-01-31T17:00:00Z,turbine_1,47,2025-12-31T19:00:00Z,72,2026-01-29T01:00:00Z,0.0166666666666666,0.0611457276988312,0.0444790610321646,fresh_wind_cat
2026-01-29T19:00:00Z,2026-01-31T18:00:00Z,turbine_1,48,2025-12-31T19:00:00Z,72,2026-01-29T02:00:00Z,0.1999999999999999,0.0851609917069122,-0.1148390082930876,fresh_wind_cat
2026-01-29T19:00:00Z,2026-01-30T19:00:00Z,turbine_2,25,2025-12-31T19:00:00Z,48,2026-01-29T03:00:00Z,0.1533333333333333,0.3548432947484582,0.2015099614151249,fresh_wind_cat
2026-01-29T19:00:00Z,2026-01-30T20:00:00Z,turbine_2,26,2025-12-31T19:00:00Z,48,2026-01-29T04:00:00Z,0.1166666666666666,0.3635787628240888,0.2469120961574222,fresh_wind_cat
2026-01-29T19:00:00Z,2026-01-30T21:00:00Z,turbine_2,27,2025-12-31T19:00:00Z,48,2026-01-29T05:00:00Z,0.16,0.3740752130143255,0.2140752130143255,fresh_wind_cat
2026-01-29T19:00:00Z,2026-01-30T22:00:00Z,turbine_2,28,2025-12-31T19:00:00Z,48,2026-01-29T06:00:00Z,0.1216666666666666,0.3730249518691926,0.251358285202526,fresh_wind_cat
2026-01-29T19:00:00Z,2026-01-30T23:00:00Z,turbine_2,29,2025-12-31T19:00:00Z,48,2026-01-29T07:00:00Z,0.0716666666666666,0.3092247048208533,0.2375580381541867,fresh_wind_cat
2026-01-29T19:00:00Z,2026-01-31T00:00:00Z,turbine_2,30,2025-12-31T19:00:00Z,48,2026-01-29T08:00:00Z,0.1066666666666666,0.5811410264333202,0.4744743597666536,fresh_wind_cat
2026-01-29T19:00:00Z,2026-01-31T01:00:00Z,turbine_2,31,2025-12-31T19:00:00Z,48,2026-01-29T09:00:00Z,0.1033333333333333,0.6427013677649407,0.5393680344316074,fresh_wind_cat
2026-01-29T19:00:00Z,2026-01-31T02:00:00Z,turbine_2,32,2025-12-31T19:00:00Z,48,2026-01-29T10:00:00Z,0.4716666666666667,0.6465472939464727,0.174880627279806,fresh_wind_cat
2026-01-29T19:00:00Z,2026-01-31T03:00:00Z,turbine_2,33,2025-12-31T19:00:00Z,48,2026-01-29T11:00:00Z,0.48,0.7144991846394189,0.2344991846394188,fresh_wind_cat
2026-01-29T19:00:00Z,2026-01-31T04:00:00Z,turbine_2,34,2025-12-31T19:00:00Z,48,2026-01-29T12:00:00Z,0.6583333333333333,0.7416460955273321,0.0833127621939987,fresh_wind_cat
2026-01-29T19:00:00Z,2026-01-31T05:00:00Z,turbine_2,35,2025-12-31T19:00:00Z,48,2026-01-29T13:00:00Z,0.9383333333333334,0.8386275727718633,-0.09970576056147,fresh_wind_cat
2026-01-29T19:00:00Z,2026-01-31T06:00:00Z,turbine_2,36,2025-12-31T19:00:00Z,48,2026-01-29T14:00:00Z,0.9766666666666666,0.7924626703014198,-0.1842039963652467,fresh_wind_cat
2026-01-29T19:00:00Z,2026-01-31T07:00:00Z,turbine_2,37,2025-12-31T19:00:00Z,48,2026-01-29T15:00:00Z,0.9683333333333332,0.7837953901585618,-0.1845379431747713,fresh_wind_cat
2026-01-29T19:00:00Z,2026-01-31T08:00:00Z,turbine_2,38,2025-12-31T19:00:00Z,48,2026-01-29T16:00:00Z,0.9766666666666666,0.8344473269231522,-0.1422193397435144,fresh_wind_cat
2026-01-29T19:00:00Z,2026-01-31T09:00:00Z,turbine_2,39,2025-12-31T19:00:00Z,48,2026-01-29T17:00:00Z,0.8933333333333332,0.8525200886672637,-0.0408132446660695,fresh_wind_cat
2026-01-29T19:00:00Z,2026-01-31T10:00:00Z,turbine_2,40,2025-12-31T19:00:00Z,48,2026-01-29T18:00:00Z,0.9,0.8578001558531343,-0.0421998441468657,fresh_wind_cat
2026-01-29T19:00:00Z,2026-01-31T11:00:00Z,turbine_2,41,2025-12-31T19:00:00Z,48,2026-01-29T19:00:00Z,0.94,0.6437149551610899,-0.29628504483891,fresh_wind_cat
2026-01-29T19:00:00Z,2026-01-31T12:00:00Z,turbine_2,42,2025-12-31T19:00:00Z,72,2026-01-28T20:00:00Z,0.8566666666666666,0.5144472055721422,-0.3422194610945244,fresh_wind_cat
2026-01-29T19:00:00Z,2026-01-31T13:00:00Z,turbine_2,43,2025-12-31T19:00:00Z,72,2026-01-28T21:00:00Z,0.8250000000000001,0.4075021189564526,-0.4174978810435474,fresh_wind_cat
2026-01-29T19:00:00Z,2026-01-31T14:00:00Z,turbine_2,44,2025-12-31T19:00:00Z,72,2026-01-28T22:00:00Z,0.8833333333333333,0.2928668702018727,-0.5904664631314606,fresh_wind_cat
2026-01-29T19:00:00Z,2026-01-31T15:00:00Z,turbine_2,45,2025-12-31T19:00:00Z,72,2026-01-28T23:00:00Z,0.3516666666666666,0.2322086551928738,-0.1194580114737927,fresh_wind_cat
2026-01-29T19:00:00Z,2026-01-31T16:00:00Z,turbine_2,46,2025-12-31T19:00:00Z,72,2026-01-29T00:00:00Z,0.0266666666666666,0.1162485886367338,0.0895819219700672,fresh_wind_cat
2026-01-29T19:00:00Z,2026-01-31T17:00:00Z,turbine_2,47,2025-12-31T19:00:00Z,72,2026-01-29T01:00:00Z,0.02,0.057631983430684,0.037631983430684,fresh_wind_cat
2026-01-29T19:00:00Z,2026-01-31T18:00:00Z,turbine_2,48,2025-12-31T19:00:00Z,72,2026-01-29T02:00:00Z,0.1999999999999999,0.0819027766365583,-0.1180972233634415,fresh_wind_cat
2026-01-29T19:00:00Z,2026-01-30T19:00:00Z,turbine_1,25,2025-12-31T19:00:00Z,48,2026-01-29T03:00:00Z,0.1383333333333333,0.4716917044260478,0.3333583710927145,blend_fresh_cat_time
2026-01-29T19:00:00Z,2026-01-30T20:00:00Z,turbine_1,26,2025-12-31T19:00:00Z,48,2026-01-29T04:00:00Z,0.1433333333333333,0.5003183856203701,0.3569850522870368,blend_fresh_cat_time
2026-01-29T19:00:00Z,2026-01-30T21:00:00Z,turbine_1,27,2025-12-31T19:00:00Z,48,2026-01-29T05:00:00Z,0.1866666666666666,0.5179560723892808,0.3312894057226141,blend_fresh_cat_time
2026-01-29T19:00:00Z,2026-01-30T22:00:00Z,turbine_1,28,2025-12-31T19:00:00Z,48,2026-01-29T06:00:00Z,0.13,0.5024714781190562,0.3724714781190562,blend_fresh_cat_time
2026-01-29T19:00:00Z,2026-01-30T23:00:00Z,turbine_1,29,2025-12-31T19:00:00Z,48,2026-01-29T07:00:00Z,0.0783333333333333,0.4898446411294189,0.4115113077960856,blend_fresh_cat_time
2026-01-29T19:00:00Z,2026-01-31T00:00:00Z,turbine_1,30,2025-12-31T19:00:00Z,48,2026-01-29T08:00:00Z,0.1116666666666666,0.541012121863304,0.4293454551966374,blend_fresh_cat_time
2026-01-29T19:00:00Z,2026-01-31T01:00:00Z,turbine_1,31,2025-12-31T19:00:00Z,48,2026-01-29T09:00:00Z,0.145,0.5559858547286246,0.4109858547286246,blend_fresh_cat_time
2026-01-29T19:00:00Z,2026-01-31T02:00:00Z,turbine_1,32,2025-12-31T19:00:00Z,48,2026-01-29T10:00:00Z,0.48,0.5707843326261,0.0907843326260999,blend_fresh_cat_time
2026-01-29T19:00:00Z,2026-01-31T03:00:00Z,turbine_1,33,2025-12-31T19:00:00Z,48,2026-01-29T11:00:00Z,0.5016666666666666,0.6394045802078762,0.1377379135412095,blend_fresh_cat_time
2026-01-29T19:00:00Z,2026-01-31T04:00:00Z,turbine_1,34,2025-12-31T19:00:00Z,48,2026-01-29T12:00:00Z,0.5216666666666666,0.6848120867841061,0.1631454201174395,blend_fresh_cat_time
2026-01-29T19:00:00Z,2026-01-31T05:00:00Z,turbine_1,35,2025-12-31T19:00:00Z,48,2026-01-29T13:00:00Z,0.95,0.6698164989069946,-0.2801835010930054,blend_fresh_cat_time
2026-01-29T19:00:00Z,2026-01-31T06:00:00Z,turbine_1,36,2025-12-31T19:00:00Z,48,2026-01-29T14:00:00Z,0.9583333333333334,0.6478302147971393,-0.310503118536194,blend_fresh_cat_time
2026-01-29T19:00:00Z,2026-01-31T07:00:00Z,turbine_1,37,2025-12-31T19:00:00Z,48,2026-01-29T15:00:00Z,0.9266666666666666,0.6444451570239018,-0.2822215096427648,blend_fresh_cat_time
2026-01-29T19:00:00Z,2026-01-31T08:00:00Z,turbine_1,38,2025-12-31T19:00:00Z,48,2026-01-29T16:00:00Z,0.945,0.6553361216434113,-0.2896638783565887,blend_fresh_cat_time
2026-01-29T19:00:00Z,2026-01-31T09:00:00Z,turbine_1,39,2025-12-31T19:00:00Z,48,2026-01-29T17:00:00Z,0.8783333333333333,0.6679045283776175,-0.2104288049557158,blend_fresh_cat_time
2026-01-29T19:00:00Z,2026-01-31T10:00:00Z,turbine_1,40,2025-12-31T19:00:00Z,48,2026-01-29T18:00:00Z,0.875,0.7158126191179268,-0.1591873808820731,blend_fresh_cat_time
2026-01-29T19:00:00Z,2026-01-31T11:00:00Z,turbine_1,41,2025-12-31T19:00:00Z,48,2026-01-29T19:00:00Z,0.8450000000000001,0.5772320010916108,-0.2677679989083893,blend_fresh_cat_time
2026-01-29T19:00:00Z,2026-01-31T12:00:00Z,turbine_1,42,2025-12-31T19:00:00Z,72,2026-01-28T20:00:00Z,0.7983333333333333,0.5073051212173224,-0.2910282121160109,blend_fresh_cat_time
2026-01-29T19:00:00Z,2026-01-31T13:00:00Z,turbine_1,43,2025-12-31T19:00:00Z,72,2026-01-28T21:00:00Z,0.81,0.4356824081566168,-0.3743175918433832,blend_fresh_cat_time
2026-01-29T19:00:00Z,2026-01-31T14:00:00Z,turbine_1,44,2025-12-31T19:00:00Z,72,2026-01-28T22:00:00Z,0.8216666666666667,0.2948669730457789,-0.5267996936208876,blend_fresh_cat_time
2026-01-29T19:00:00Z,2026-01-31T15:00:00Z,turbine_1,45,2025-12-31T19:00:00Z,72,2026-01-28T23:00:00Z,0.3383333333333334,0.1734625552840941,-0.1648707780492392,blend_fresh_cat_time
2026-01-29T19:00:00Z,2026-01-31T16:00:00Z,turbine_1,46,2025-12-31T19:00:00Z,72,2026-01-29T00:00:00Z,0.03,0.0956742442658327,0.0656742442658327,blend_fresh_cat_time
2026-01-29T19:00:00Z,2026-01-31T17:00:00Z,turbine_1,47,2025-12-31T19:00:00Z,72,2026-01-29T01:00:00Z,0.0166666666666666,0.0604673281965719,0.0438006615299053,blend_fresh_cat_time
2026-01-29T19:00:00Z,2026-01-31T18:00:00Z,turbine_1,48,2025-12-31T19:00:00Z,72,2026-01-29T02:00:00Z,0.1999999999999999,0.048932473300362,-0.1510675266996378,blend_fresh_cat_time
2026-01-29T19:00:00Z,2026-01-30T19:00:00Z,turbine_2,25,2025-12-31T19:00:00Z,48,2026-01-29T03:00:00Z,0.1533333333333333,0.4634302548100728,0.3100969214767395,blend_fresh_cat_time
2026-01-29T19:00:00Z,2026-01-30T20:00:00Z,turbine_2,26,2025-12-31T19:00:00Z,48,2026-01-29T04:00:00Z,0.1166666666666666,0.4954764880698887,0.3788098214032221,blend_fresh_cat_time
2026-01-29T19:00:00Z,2026-01-30T21:00:00Z,turbine_2,27,2025-12-31T19:00:00Z,48,2026-01-29T05:00:00Z,0.16,0.5141945926150528,0.3541945926150528,blend_fresh_cat_time
2026-01-29T19:00:00Z,2026-01-30T22:00:00Z,turbine_2,28,2025-12-31T19:00:00Z,48,2026-01-29T06:00:00Z,0.1216666666666666,0.4968109896284611,0.3751443229617945,blend_fresh_cat_time
2026-01-29T19:00:00Z,2026-01-30T23:00:00Z,turbine_2,29,2025-12-31T19:00:00Z,48,2026-01-29T07:00:00Z,0.0716666666666666,0.4847076306558768,0.4130409639892102,blend_fresh_cat_time
2026-01-29T19:00:00Z,2026-01-31T00:00:00Z,turbine_2,30,2025-12-31T19:00:00Z,48,2026-01-29T08:00:00Z,0.1066666666666666,0.5353180011117039,0.4286513344450373,blend_fresh_cat_time
2026-01-29T19:00:00Z,2026-01-31T01:00:00Z,turbine_2,31,2025-12-31T19:00:00Z,48,2026-01-29T09:00:00Z,0.1033333333333333,0.5504066621757431,0.4470733288424098,blend_fresh_cat_time
2026-01-29T19:00:00Z,2026-01-31T02:00:00Z,turbine_2,32,2025-12-31T19:00:00Z,48,2026-01-29T10:00:00Z,0.4716666666666667,0.5660254583745077,0.094358791707841,blend_fresh_cat_time
2026-01-29T19:00:00Z,2026-01-31T03:00:00Z,turbine_2,33,2025-12-31T19:00:00Z,48,2026-01-29T11:00:00Z,0.48,0.6322234169959198,0.1522234169959198,blend_fresh_cat_time
2026-01-29T19:00:00Z,2026-01-31T04:00:00Z,turbine_2,34,2025-12-31T19:00:00Z,48,2026-01-29T12:00:00Z,0.6583333333333333,0.6768272978778922,0.0184939645445588,blend_fresh_cat_time
2026-01-29T19:00:00Z,2026-01-31T05:00:00Z,turbine_2,35,2025-12-31T19:00:00Z,48,2026-01-29T13:00:00Z,0.9383333333333334,0.6643022800058584,-0.2740310533274749,blend_fresh_cat_time
2026-01-29T19:00:00Z,2026-01-31T06:00:00Z,turbine_2,36,2025-12-31T19:00:00Z,48,2026-01-29T14:00:00Z,0.9766666666666666,0.643791560511307,-0.3328751061553595,blend_fresh_cat_time
2026-01-29T19:00:00Z,2026-01-31T07:00:00Z,turbine_2,37,2025-12-31T19:00:00Z,48,2026-01-29T15:00:00Z,0.9683333333333332,0.6407007841903121,-0.3276325491430211,blend_fresh_cat_time
2026-01-29T19:00:00Z,2026-01-31T08:00:00Z,turbine_2,38,2025-12-31T19:00:00Z,48,2026-01-29T16:00:00Z,0.9766666666666666,0.6502821344687579,-0.3263845321979086,blend_fresh_cat_time
2026-01-29T19:00:00Z,2026-01-31T09:00:00Z,turbine_2,39,2025-12-31T19:00:00Z,48,2026-01-29T17:00:00Z,0.8933333333333332,0.663267333537483,-0.2300659997958501,blend_fresh_cat_time
2026-01-29T19:00:00Z,2026-01-31T10:00:00Z,turbine_2,40,2025-12-31T19:00:00Z,48,2026-01-29T18:00:00Z,0.9,0.7078276871018131,-0.1921723128981869,blend_fresh_cat_time
2026-01-29T19:00:00Z,2026-01-31T11:00:00Z,turbine_2,41,2025-12-31T19:00:00Z,48,2026-01-29T19:00:00Z,0.94,0.5715893922221008,-0.3684106077778991,blend_fresh_cat_time
2026-01-29T19:00:00Z,2026-01-31T12:00:00Z,turbine_2,42,2025-12-31T19:00:00Z,72,2026-01-28T20:00:00Z,0.8566666666666666,0.4989774009073064,-0.3576892657593601,blend_fresh_cat_time
2026-01-29T19:00:00Z,2026-01-31T13:00:00Z,turbine_2,43,2025-12-31T19:00:00Z,72,2026-01-28T21:00:00Z,0.8250000000000001,0.4281879922889896,-0.3968120077110104,blend_fresh_cat_time
2026-01-29T19:00:00Z,2026-01-31T14:00:00Z,turbine_2,44,2025-12-31T19:00:00Z,72,2026-01-28T22:00:00Z,0.8833333333333333,0.2899270023332528,-0.5934063310000804,blend_fresh_cat_time
2026-01-29T19:00:00Z,2026-01-31T15:00:00Z,turbine_2,45,2025-12-31T19:00:00Z,72,2026-01-28T23:00:00Z,0.3516666666666666,0.1704874317996304,-0.1811792348670362,blend_fresh_cat_time
2026-01-29T19:00:00Z,2026-01-31T16:00:00Z,turbine_2,46,2025-12-31T19:00:00Z,72,2026-01-29T00:00:00Z,0.0266666666666666,0.0937710731200506,0.067104406453384,blend_fresh_cat_time
2026-01-29T19:00:00Z,2026-01-31T17:00:00Z,turbine_2,47,2025-12-31T19:00:00Z,72,2026-01-29T01:00:00Z,0.02,0.05985889816539,0.03985889816539,blend_fresh_cat_time
2026-01-29T19:00:00Z,2026-01-31T18:00:00Z,turbine_2,48,2025-12-31T19:00:00Z,72,2026-01-29T02:00:00Z,0.1999999999999999,0.0486846093272548,-0.151315390672745,blend_fresh_cat_time
