issued_at,valid_time,turbine_id,horizon_hours,actual,fit_cutoff,prediction,error,model,fold
2026-01-29T19:00:00Z,2026-01-30T19:00:00Z,turbine_1,25,0.1383333333333333,2025-12-31T19:00:00Z,0.517092748124209,0.3787594147908757,curve,2026-01
2026-01-29T19:00:00Z,2026-01-30T20:00:00Z,turbine_1,26,0.1433333333333333,2025-12-31T19:00:00Z,0.5648384590710905,0.4215051257377572,curve,2026-01
2026-01-29T19:00:00Z,2026-01-30T21:00:00Z,turbine_1,27,0.1866666666666666,2025-12-31T19:00:00Z,0.5867805654518423,0.4001138987851757,curve,2026-01
2026-01-29T19:00:00Z,2026-01-30T22:00:00Z,turbine_1,28,0.13,2025-12-31T19:00:00Z,0.5547105809914492,0.4247105809914492,curve,2026-01
2026-01-29T19:00:00Z,2026-01-30T23:00:00Z,turbine_1,29,0.0783333333333333,2025-12-31T19:00:00Z,0.5604979398941013,0.482164606560768,curve,2026-01
2026-01-29T19:00:00Z,2026-01-31T00:00:00Z,turbine_1,30,0.1116666666666666,2025-12-31T19:00:00Z,0.5518169015401229,0.4401502348734563,curve,2026-01
2026-01-29T19:00:00Z,2026-01-31T01:00:00Z,turbine_1,31,0.145,2025-12-31T19:00:00Z,0.5532637412657859,0.4082637412657859,curve,2026-01
2026-01-29T19:00:00Z,2026-01-31T02:00:00Z,turbine_1,32,0.48,2025-12-31T19:00:00Z,0.5691789782480798,0.0891789782480798,curve,2026-01
2026-01-29T19:00:00Z,2026-01-31T03:00:00Z,turbine_1,33,0.5016666666666666,2025-12-31T19:00:00Z,0.6369116046059518,0.1352449379392851,curve,2026-01
2026-01-29T19:00:00Z,2026-01-31T04:00:00Z,turbine_1,34,0.5216666666666666,2025-12-31T19:00:00Z,0.695652983411997,0.1739863167453303,curve,2026-01
2026-01-29T19:00:00Z,2026-01-31T05:00:00Z,turbine_1,35,0.95,2025-12-31T19:00:00Z,0.5561574207171123,-0.3938425792828877,curve,2026-01
2026-01-29T19:00:00Z,2026-01-31T06:00:00Z,turbine_1,36,0.9583333333333334,2025-12-31T19:00:00Z,0.5778600166020584,-0.3804733167312749,curve,2026-01
2026-01-29T19:00:00Z,2026-01-31T07:00:00Z,turbine_1,37,0.9266666666666666,2025-12-31T19:00:00Z,0.5852139704782765,-0.3414526961883901,curve,2026-01
2026-01-29T19:00:00Z,2026-01-31T08:00:00Z,turbine_1,38,0.945,2025-12-31T19:00:00Z,0.5648384590710905,-0.3801615409289094,curve,2026-01
2026-01-29T19:00:00Z,2026-01-31T09:00:00Z,turbine_1,39,0.8783333333333333,2025-12-31T19:00:00Z,0.5993133252403697,-0.2790200080929635,curve,2026-01
2026-01-29T19:00:00Z,2026-01-31T10:00:00Z,turbine_1,40,0.875,2025-12-31T19:00:00Z,0.6886371794059571,-0.1863628205940428,curve,2026-01
2026-01-29T19:00:00Z,2026-01-31T11:00:00Z,turbine_1,41,0.8450000000000001,2025-12-31T19:00:00Z,0.6181124649231609,-0.2268875350768392,curve,2026-01
2026-01-29T19:00:00Z,2026-01-31T12:00:00Z,turbine_1,42,0.7983333333333333,2025-12-31T19:00:00Z,0.5041823793890658,-0.2941509539442675,curve,2026-01
2026-01-29T19:00:00Z,2026-01-31T13:00:00Z,turbine_1,43,0.81,2025-12-31T19:00:00Z,0.4352905882576621,-0.3747094117423379,curve,2026-01
2026-01-29T19:00:00Z,2026-01-31T14:00:00Z,turbine_1,44,0.8216666666666667,2025-12-31T19:00:00Z,0.2577042344757416,-0.5639624321909251,curve,2026-01
2026-01-29T19:00:00Z,2026-01-31T15:00:00Z,turbine_1,45,0.3383333333333334,2025-12-31T19:00:00Z,0.1159478005811173,-0.222385532752216,curve,2026-01
2026-01-29T19:00:00Z,2026-01-31T16:00:00Z,turbine_1,46,0.03,2025-12-31T19:00:00Z,0.0526327183119998,0.0226327183119998,curve,2026-01
2026-01-29T19:00:00Z,2026-01-31T17:00:00Z,turbine_1,47,0.0166666666666666,2025-12-31T19:00:00Z,0.014382070949185,-0.0022845957174815,curve,2026-01
2026-01-29T19:00:00Z,2026-01-31T18:00:00Z,turbine_1,48,0.1999999999999999,2025-12-31T19:00:00Z,0.0101468951675158,-0.189853104832484,curve,2026-01
2026-01-29T19:00:00Z,2026-01-30T19:00:00Z,turbine_2,25,0.1533333333333333,2025-12-31T19:00:00Z,0.5019479855950021,0.3486146522616687,curve,2026-01
2026-01-29T19:00:00Z,2026-01-30T20:00:00Z,turbine_2,26,0.1166666666666666,2025-12-31T19:00:00Z,0.5561861808492203,0.4395195141825537,curve,2026-01
2026-01-29T19:00:00Z,2026-01-30T21:00:00Z,turbine_2,27,0.16,2025-12-31T19:00:00Z,0.5802891227824789,0.4202891227824789,curve,2026-01
2026-01-29T19:00:00Z,2026-01-30T22:00:00Z,turbine_2,28,0.1216666666666666,2025-12-31T19:00:00Z,0.5446811091286289,0.4230144424619623,curve,2026-01
2026-01-29T19:00:00Z,2026-01-30T23:00:00Z,turbine_2,29,0.0716666666666666,2025-12-31T19:00:00Z,0.5512554358261097,0.4795887691594431,curve,2026-01
2026-01-29T19:00:00Z,2026-01-31T00:00:00Z,turbine_2,30,0.1066666666666666,2025-12-31T19:00:00Z,0.5413939457798882,0.4347272791132216,curve,2026-01
2026-01-29T19:00:00Z,2026-01-31T01:00:00Z,turbine_2,31,0.1033333333333333,2025-12-31T19:00:00Z,0.5430375274542584,0.4397041941209251,curve,2026-01
2026-01-29T19:00:00Z,2026-01-31T02:00:00Z,turbine_2,32,0.4716666666666667,2025-12-31T19:00:00Z,0.5611169258723313,0.0894502592056646,curve,2026-01
2026-01-29T19:00:00Z,2026-01-31T03:00:00Z,turbine_2,33,0.48,2025-12-31T19:00:00Z,0.6240712054456022,0.1440712054456022,curve,2026-01
2026-01-29T19:00:00Z,2026-01-31T04:00:00Z,turbine_2,34,0.6583333333333333,2025-12-31T19:00:00Z,0.6812053328631323,0.022871999529799,curve,2026-01
2026-01-29T19:00:00Z,2026-01-31T05:00:00Z,turbine_2,35,0.9383333333333334,2025-12-31T19:00:00Z,0.5463246908029991,-0.3920086425303343,curve,2026-01
2026-01-29T19:00:00Z,2026-01-31T06:00:00Z,turbine_2,36,0.9766666666666666,2025-12-31T19:00:00Z,0.5709784159185529,-0.4056882507481136,curve,2026-01
2026-01-29T19:00:00Z,2026-01-31T07:00:00Z,turbine_2,37,0.9683333333333332,2025-12-31T19:00:00Z,0.5789209326992563,-0.3894124006340769,curve,2026-01
2026-01-29T19:00:00Z,2026-01-31T08:00:00Z,turbine_2,38,0.9766666666666666,2025-12-31T19:00:00Z,0.5561861808492203,-0.4204804858174462,curve,2026-01
2026-01-29T19:00:00Z,2026-01-31T09:00:00Z,turbine_2,39,0.8933333333333332,2025-12-31T19:00:00Z,0.5912346434482597,-0.3020986898850735,curve,2026-01
2026-01-29T19:00:00Z,2026-01-31T10:00:00Z,turbine_2,40,0.9,2025-12-31T19:00:00Z,0.6738630232618888,-0.2261369767381111,curve,2026-01
2026-01-29T19:00:00Z,2026-01-31T11:00:00Z,turbine_2,41,0.94,2025-12-31T19:00:00Z,0.6076529244469311,-0.3323470755530688,curve,2026-01
2026-01-29T19:00:00Z,2026-01-31T12:00:00Z,turbine_2,42,0.8566666666666666,2025-12-31T19:00:00Z,0.4883526160318241,-0.3683140506348424,curve,2026-01
2026-01-29T19:00:00Z,2026-01-31T13:00:00Z,turbine_2,43,0.8250000000000001,2025-12-31T19:00:00Z,0.4207783207924442,-0.4042216792075558,curve,2026-01
2026-01-29T19:00:00Z,2026-01-31T14:00:00Z,turbine_2,44,0.8833333333333333,2025-12-31T19:00:00Z,0.2482673910608266,-0.6350659422725067,curve,2026-01
2026-01-29T19:00:00Z,2026-01-31T15:00:00Z,turbine_2,45,0.3516666666666666,2025-12-31T19:00:00Z,0.1103782697110002,-0.2412883969556664,curve,2026-01
2026-01-29T19:00:00Z,2026-01-31T16:00:00Z,turbine_2,46,0.0266666666666666,2025-12-31T19:00:00Z,0.049207092119246,0.0225404254525794,curve,2026-01
2026-01-29T19:00:00Z,2026-01-31T17:00:00Z,turbine_2,47,0.02,2025-12-31T19:00:00Z,0.013252824297624,-0.0067471757023759,curve,2026-01
2026-01-29T19:00:00Z,2026-01-31T18:00:00Z,turbine_2,48,0.1999999999999999,2025-12-31T19:00:00Z,0.0097387806321043,-0.1902612193678955,curve,2026-01
2026-01-29T19:00:00Z,2026-01-30T19:00:00Z,turbine_1,25,0.1383333333333333,2025-12-31T19:00:00Z,0.3633439501690609,0.2250106168357276,site_wind,2026-01
2026-01-29T19:00:00Z,2026-01-30T20:00:00Z,turbine_1,26,0.1433333333333333,2025-12-31T19:00:00Z,0.3728758726976522,0.2295425393643189,site_wind,2026-01
2026-01-29T19:00:00Z,2026-01-30T21:00:00Z,turbine_1,27,0.1866666666666666,2025-12-31T19:00:00Z,0.3843293345124424,0.1976626678457758,site_wind,2026-01
2026-01-29T19:00:00Z,2026-01-30T22:00:00Z,turbine_1,28,0.13,2025-12-31T19:00:00Z,0.3831833160296866,0.2531833160296866,site_wind,2026-01
2026-01-29T19:00:00Z,2026-01-30T23:00:00Z,turbine_1,29,0.0783333333333333,2025-12-31T19:00:00Z,0.3181179177288897,0.2397845843955564,site_wind,2026-01
2026-01-29T19:00:00Z,2026-01-31T00:00:00Z,turbine_1,30,0.1116666666666666,2025-12-31T19:00:00Z,0.587756005921508,0.4760893392548414,site_wind,2026-01
2026-01-29T19:00:00Z,2026-01-31T01:00:00Z,turbine_1,31,0.145,2025-12-31T19:00:00Z,0.6582433764146239,0.5132433764146239,site_wind,2026-01
2026-01-29T19:00:00Z,2026-01-31T02:00:00Z,turbine_1,32,0.48,2025-12-31T19:00:00Z,0.6625361548555163,0.1825361548555163,site_wind,2026-01
2026-01-29T19:00:00Z,2026-01-31T03:00:00Z,turbine_1,33,0.5016666666666666,2025-12-31T19:00:00Z,0.7274662889458586,0.225799622279192,site_wind,2026-01
2026-01-29T19:00:00Z,2026-01-31T04:00:00Z,turbine_1,34,0.5216666666666666,2025-12-31T19:00:00Z,0.7547025584013808,0.2330358917347141,site_wind,2026-01
2026-01-29T19:00:00Z,2026-01-31T05:00:00Z,turbine_1,35,0.95,2025-12-31T19:00:00Z,0.8476679084713723,-0.1023320915286276,site_wind,2026-01
2026-01-29T19:00:00Z,2026-01-31T06:00:00Z,turbine_1,36,0.9583333333333334,2025-12-31T19:00:00Z,0.8057767185857192,-0.1525566147476141,site_wind,2026-01
2026-01-29T19:00:00Z,2026-01-31T07:00:00Z,turbine_1,37,0.9266666666666666,2025-12-31T19:00:00Z,0.7974324587165357,-0.1292342079501309,site_wind,2026-01
2026-01-29T19:00:00Z,2026-01-31T08:00:00Z,turbine_1,38,0.945,2025-12-31T19:00:00Z,0.8438746485867837,-0.1011253514132162,site_wind,2026-01
2026-01-29T19:00:00Z,2026-01-31T09:00:00Z,turbine_1,39,0.8783333333333333,2025-12-31T19:00:00Z,0.8602743256892201,-0.0180590076441131,site_wind,2026-01
2026-01-29T19:00:00Z,2026-01-31T10:00:00Z,turbine_1,40,0.875,2025-12-31T19:00:00Z,0.8652976258228235,-0.0097023741771764,site_wind,2026-01
2026-01-29T19:00:00Z,2026-01-31T11:00:00Z,turbine_1,41,0.8450000000000001,2025-12-31T19:00:00Z,0.6594039468204091,-0.1855960531795909,site_wind,2026-01
2026-01-29T19:00:00Z,2026-01-31T12:00:00Z,turbine_1,42,0.7983333333333333,2025-12-31T19:00:00Z,0.5280957717553023,-0.270237561578031,site_wind,2026-01
2026-01-29T19:00:00Z,2026-01-31T13:00:00Z,turbine_1,43,0.81,2025-12-31T19:00:00Z,0.4208039315291412,-0.3891960684708588,site_wind,2026-01
2026-01-29T19:00:00Z,2026-01-31T14:00:00Z,turbine_1,44,0.8216666666666667,2025-12-31T19:00:00Z,0.3020060313963504,-0.5196606352703163,site_wind,2026-01
2026-01-29T19:00:00Z,2026-01-31T15:00:00Z,turbine_1,45,0.3383333333333334,2025-12-31T19:00:00Z,0.2416973782970258,-0.0966359550363075,site_wind,2026-01
2026-01-29T19:00:00Z,2026-01-31T16:00:00Z,turbine_1,46,0.03,2025-12-31T19:00:00Z,0.1227146564675381,0.0927146564675381,site_wind,2026-01
2026-01-29T19:00:00Z,2026-01-31T17:00:00Z,turbine_1,47,0.0166666666666666,2025-12-31T19:00:00Z,0.0611457276988312,0.0444790610321646,site_wind,2026-01
2026-01-29T19:00:00Z,2026-01-31T18:00:00Z,turbine_1,48,0.1999999999999999,2025-12-31T19:00:00Z,0.0851609917069122,-0.1148390082930876,site_wind,2026-01
2026-01-29T19:00:00Z,2026-01-30T19:00:00Z,turbine_2,25,0.1533333333333333,2025-12-31T19:00:00Z,0.3548432947484582,0.2015099614151249,site_wind,2026-01
2026-01-29T19:00:00Z,2026-01-30T20:00:00Z,turbine_2,26,0.1166666666666666,2025-12-31T19:00:00Z,0.3635787628240888,0.2469120961574222,site_wind,2026-01
2026-01-29T19:00:00Z,2026-01-30T21:00:00Z,turbine_2,27,0.16,2025-12-31T19:00:00Z,0.3740752130143255,0.2140752130143255,site_wind,2026-01
2026-01-29T19:00:00Z,2026-01-30T22:00:00Z,turbine_2,28,0.1216666666666666,2025-12-31T19:00:00Z,0.3730249518691926,0.251358285202526,site_wind,2026-01
2026-01-29T19:00:00Z,2026-01-30T23:00:00Z,turbine_2,29,0.0716666666666666,2025-12-31T19:00:00Z,0.3092247048208533,0.2375580381541867,site_wind,2026-01
2026-01-29T19:00:00Z,2026-01-31T00:00:00Z,turbine_2,30,0.1066666666666666,2025-12-31T19:00:00Z,0.5811410264333202,0.4744743597666536,site_wind,2026-01
2026-01-29T19:00:00Z,2026-01-31T01:00:00Z,turbine_2,31,0.1033333333333333,2025-12-31T19:00:00Z,0.6427013677649407,0.5393680344316074,site_wind,2026-01
2026-01-29T19:00:00Z,2026-01-31T02:00:00Z,turbine_2,32,0.4716666666666667,2025-12-31T19:00:00Z,0.6465472939464727,0.174880627279806,site_wind,2026-01
2026-01-29T19:00:00Z,2026-01-31T03:00:00Z,turbine_2,33,0.48,2025-12-31T19:00:00Z,0.7144991846394189,0.2344991846394188,site_wind,2026-01
2026-01-29T19:00:00Z,2026-01-31T04:00:00Z,turbine_2,34,0.6583333333333333,2025-12-31T19:00:00Z,0.7416460955273321,0.0833127621939987,site_wind,2026-01
2026-01-29T19:00:00Z,2026-01-31T05:00:00Z,turbine_2,35,0.9383333333333334,2025-12-31T19:00:00Z,0.8386275727718633,-0.09970576056147,site_wind,2026-01
2026-01-29T19:00:00Z,2026-01-31T06:00:00Z,turbine_2,36,0.9766666666666666,2025-12-31T19:00:00Z,0.7924626703014198,-0.1842039963652467,site_wind,2026-01
2026-01-29T19:00:00Z,2026-01-31T07:00:00Z,turbine_2,37,0.9683333333333332,2025-12-31T19:00:00Z,0.7837953901585618,-0.1845379431747713,site_wind,2026-01
2026-01-29T19:00:00Z,2026-01-31T08:00:00Z,turbine_2,38,0.9766666666666666,2025-12-31T19:00:00Z,0.8344473269231522,-0.1422193397435144,site_wind,2026-01
2026-01-29T19:00:00Z,2026-01-31T09:00:00Z,turbine_2,39,0.8933333333333332,2025-12-31T19:00:00Z,0.8525200886672637,-0.0408132446660695,site_wind,2026-01
2026-01-29T19:00:00Z,2026-01-31T10:00:00Z,turbine_2,40,0.9,2025-12-31T19:00:00Z,0.8578001558531343,-0.0421998441468657,site_wind,2026-01
2026-01-29T19:00:00Z,2026-01-31T11:00:00Z,turbine_2,41,0.94,2025-12-31T19:00:00Z,0.6437149551610899,-0.29628504483891,site_wind,2026-01
2026-01-29T19:00:00Z,2026-01-31T12:00:00Z,turbine_2,42,0.8566666666666666,2025-12-31T19:00:00Z,0.5144472055721422,-0.3422194610945244,site_wind,2026-01
2026-01-29T19:00:00Z,2026-01-31T13:00:00Z,turbine_2,43,0.8250000000000001,2025-12-31T19:00:00Z,0.4075021189564526,-0.4174978810435474,site_wind,2026-01
2026-01-29T19:00:00Z,2026-01-31T14:00:00Z,turbine_2,44,0.8833333333333333,2025-12-31T19:00:00Z,0.2928668702018727,-0.5904664631314606,site_wind,2026-01
2026-01-29T19:00:00Z,2026-01-31T15:00:00Z,turbine_2,45,0.3516666666666666,2025-12-31T19:00:00Z,0.2322086551928738,-0.1194580114737927,site_wind,2026-01
2026-01-29T19:00:00Z,2026-01-31T16:00:00Z,turbine_2,46,0.0266666666666666,2025-12-31T19:00:00Z,0.1162485886367338,0.0895819219700672,site_wind,2026-01
2026-01-29T19:00:00Z,2026-01-31T17:00:00Z,turbine_2,47,0.02,2025-12-31T19:00:00Z,0.057631983430684,0.037631983430684,site_wind,2026-01
2026-01-29T19:00:00Z,2026-01-31T18:00:00Z,turbine_2,48,0.1999999999999999,2025-12-31T19:00:00Z,0.0819027766365583,-0.1180972233634415,site_wind,2026-01
2026-01-29T19:00:00Z,2026-01-30T19:00:00Z,turbine_1,25,0.1383333333333333,2025-12-31T19:00:00Z,0.3223425658419244,0.1840092325085911,spatial_wind,2026-01
2026-01-29T19:00:00Z,2026-01-30T20:00:00Z,turbine_1,26,0.1433333333333333,2025-12-31T19:00:00Z,0.3452622895088101,0.2019289561754768,spatial_wind,2026-01
2026-01-29T19:00:00Z,2026-01-30T21:00:00Z,turbine_1,27,0.1866666666666666,2025-12-31T19:00:00Z,0.355380036935936,0.1687133702692694,spatial_wind,2026-01
2026-01-29T19:00:00Z,2026-01-30T22:00:00Z,turbine_1,28,0.13,2025-12-31T19:00:00Z,0.3482715594577115,0.2182715594577114,spatial_wind,2026-01
2026-01-29T19:00:00Z,2026-01-30T23:00:00Z,turbine_1,29,0.0783333333333333,2025-12-31T19:00:00Z,0.3756978945607321,0.2973645612273988,spatial_wind,2026-01
2026-01-29T19:00:00Z,2026-01-31T00:00:00Z,turbine_1,30,0.1116666666666666,2025-12-31T19:00:00Z,0.5723767997865038,0.4607101331198372,spatial_wind,2026-01
2026-01-29T19:00:00Z,2026-01-31T01:00:00Z,turbine_1,31,0.145,2025-12-31T19:00:00Z,0.6098832838772958,0.4648832838772958,spatial_wind,2026-01
2026-01-29T19:00:00Z,2026-01-31T02:00:00Z,turbine_1,32,0.48,2025-12-31T19:00:00Z,0.6073733257048939,0.1273733257048939,spatial_wind,2026-01
2026-01-29T19:00:00Z,2026-01-31T03:00:00Z,turbine_1,33,0.5016666666666666,2025-12-31T19:00:00Z,0.6634161093302691,0.1617494426636024,spatial_wind,2026-01
2026-01-29T19:00:00Z,2026-01-31T04:00:00Z,turbine_1,34,0.5216666666666666,2025-12-31T19:00:00Z,0.77507615277719,0.2534094861105234,spatial_wind,2026-01
2026-01-29T19:00:00Z,2026-01-31T05:00:00Z,turbine_1,35,0.95,2025-12-31T19:00:00Z,0.8169188614164185,-0.1330811385835815,spatial_wind,2026-01
2026-01-29T19:00:00Z,2026-01-31T06:00:00Z,turbine_1,36,0.9583333333333334,2025-12-31T19:00:00Z,0.6861757472581945,-0.2721575860751388,spatial_wind,2026-01
2026-01-29T19:00:00Z,2026-01-31T07:00:00Z,turbine_1,37,0.9266666666666666,2025-12-31T19:00:00Z,0.7108680507012298,-0.2157986159654368,spatial_wind,2026-01
2026-01-29T19:00:00Z,2026-01-31T08:00:00Z,turbine_1,38,0.945,2025-12-31T19:00:00Z,0.7276288757207214,-0.2173711242792785,spatial_wind,2026-01
2026-01-29T19:00:00Z,2026-01-31T09:00:00Z,turbine_1,39,0.8783333333333333,2025-12-31T19:00:00Z,0.743905201084381,-0.1344281322489523,spatial_wind,2026-01
2026-01-29T19:00:00Z,2026-01-31T10:00:00Z,turbine_1,40,0.875,2025-12-31T19:00:00Z,0.7218526869894188,-0.1531473130105811,spatial_wind,2026-01
2026-01-29T19:00:00Z,2026-01-31T11:00:00Z,turbine_1,41,0.8450000000000001,2025-12-31T19:00:00Z,0.5814252983281526,-0.2635747016718475,spatial_wind,2026-01
2026-01-29T19:00:00Z,2026-01-31T12:00:00Z,turbine_1,42,0.7983333333333333,2025-12-31T19:00:00Z,0.4429401582407024,-0.3553931750926309,spatial_wind,2026-01
2026-01-29T19:00:00Z,2026-01-31T13:00:00Z,turbine_1,43,0.81,2025-12-31T19:00:00Z,0.3202152612387465,-0.4897847387612535,spatial_wind,2026-01
2026-01-29T19:00:00Z,2026-01-31T14:00:00Z,turbine_1,44,0.8216666666666667,2025-12-31T19:00:00Z,0.2101275668764701,-0.6115390997901965,spatial_wind,2026-01
2026-01-29T19:00:00Z,2026-01-31T15:00:00Z,turbine_1,45,0.3383333333333334,2025-12-31T19:00:00Z,0.1717705607979834,-0.1665627725353499,spatial_wind,2026-01
2026-01-29T19:00:00Z,2026-01-31T16:00:00Z,turbine_1,46,0.03,2025-12-31T19:00:00Z,0.1099421733951968,0.0799421733951968,spatial_wind,2026-01
2026-01-29T19:00:00Z,2026-01-31T17:00:00Z,turbine_1,47,0.0166666666666666,2025-12-31T19:00:00Z,0.0719057141448039,0.0552390474781373,spatial_wind,2026-01
2026-01-29T19:00:00Z,2026-01-31T18:00:00Z,turbine_1,48,0.1999999999999999,2025-12-31T19:00:00Z,0.0799016047706461,-0.1200983952293537,spatial_wind,2026-01
2026-01-29T19:00:00Z,2026-01-30T19:00:00Z,turbine_2,25,0.1533333333333333,2025-12-31T19:00:00Z,0.3135138422768969,0.1601805089435636,spatial_wind,2026-01
2026-01-29T19:00:00Z,2026-01-30T20:00:00Z,turbine_2,26,0.1166666666666666,2025-12-31T19:00:00Z,0.3367834360114603,0.2201167693447937,spatial_wind,2026-01
2026-01-29T19:00:00Z,2026-01-30T21:00:00Z,turbine_2,27,0.16,2025-12-31T19:00:00Z,0.3470556310675594,0.1870556310675594,spatial_wind,2026-01
2026-01-29T19:00:00Z,2026-01-30T22:00:00Z,turbine_2,28,0.1216666666666666,2025-12-31T19:00:00Z,0.3398386425299287,0.2181719758632621,spatial_wind,2026-01
2026-01-29T19:00:00Z,2026-01-30T23:00:00Z,turbine_2,29,0.0716666666666666,2025-12-31T19:00:00Z,0.3661649863083568,0.2944983196416902,spatial_wind,2026-01
2026-01-29T19:00:00Z,2026-01-31T00:00:00Z,turbine_2,30,0.1066666666666666,2025-12-31T19:00:00Z,0.5647495886927079,0.4580829220260413,spatial_wind,2026-01
2026-01-29T19:00:00Z,2026-01-31T01:00:00Z,turbine_2,31,0.1033333333333333,2025-12-31T19:00:00Z,0.6004659462617734,0.4971326129284401,spatial_wind,2026-01
2026-01-29T19:00:00Z,2026-01-31T02:00:00Z,turbine_2,32,0.4716666666666667,2025-12-31T19:00:00Z,0.5982738673015255,0.1266072006348588,spatial_wind,2026-01
2026-01-29T19:00:00Z,2026-01-31T03:00:00Z,turbine_2,33,0.48,2025-12-31T19:00:00Z,0.6474682002578622,0.1674682002578622,spatial_wind,2026-01
2026-01-29T19:00:00Z,2026-01-31T04:00:00Z,turbine_2,34,0.6583333333333333,2025-12-31T19:00:00Z,0.7617428574132611,0.1034095240799277,spatial_wind,2026-01
2026-01-29T19:00:00Z,2026-01-31T05:00:00Z,turbine_2,35,0.9383333333333334,2025-12-31T19:00:00Z,0.8047415274667339,-0.1335918058665994,spatial_wind,2026-01
2026-01-29T19:00:00Z,2026-01-31T06:00:00Z,turbine_2,36,0.9766666666666666,2025-12-31T19:00:00Z,0.6712870395434485,-0.3053796271232181,spatial_wind,2026-01
2026-01-29T19:00:00Z,2026-01-31T07:00:00Z,turbine_2,37,0.9683333333333332,2025-12-31T19:00:00Z,0.6971284878636324,-0.2712048454697008,spatial_wind,2026-01
2026-01-29T19:00:00Z,2026-01-31T08:00:00Z,turbine_2,38,0.9766666666666666,2025-12-31T19:00:00Z,0.7146693379728192,-0.2619973286938474,spatial_wind,2026-01
2026-01-29T19:00:00Z,2026-01-31T09:00:00Z,turbine_2,39,0.8933333333333332,2025-12-31T19:00:00Z,0.730995450629116,-0.1623378827042172,spatial_wind,2026-01
2026-01-29T19:00:00Z,2026-01-31T10:00:00Z,turbine_2,40,0.9,2025-12-31T19:00:00Z,0.7086243335878724,-0.1913756664121276,spatial_wind,2026-01
2026-01-29T19:00:00Z,2026-01-31T11:00:00Z,turbine_2,41,0.94,2025-12-31T19:00:00Z,0.5750285063363356,-0.3649714936636643,spatial_wind,2026-01
2026-01-29T19:00:00Z,2026-01-31T12:00:00Z,turbine_2,42,0.8566666666666666,2025-12-31T19:00:00Z,0.427987086573782,-0.4286795800928846,spatial_wind,2026-01
2026-01-29T19:00:00Z,2026-01-31T13:00:00Z,turbine_2,43,0.8250000000000001,2025-12-31T19:00:00Z,0.3113540643238523,-0.5136459356761478,spatial_wind,2026-01
2026-01-29T19:00:00Z,2026-01-31T14:00:00Z,turbine_2,44,0.8833333333333333,2025-12-31T19:00:00Z,0.201938921132829,-0.6813944122005042,spatial_wind,2026-01
2026-01-29T19:00:00Z,2026-01-31T15:00:00Z,turbine_2,45,0.3516666666666666,2025-12-31T19:00:00Z,0.1667628967056483,-0.1849037699610183,spatial_wind,2026-01
2026-01-29T19:00:00Z,2026-01-31T16:00:00Z,turbine_2,46,0.0266666666666666,2025-12-31T19:00:00Z,0.1051683247199807,0.0785016580533141,spatial_wind,2026-01
2026-01-29T19:00:00Z,2026-01-31T17:00:00Z,turbine_2,47,0.02,2025-12-31T19:00:00Z,0.0683103867271795,0.0483103867271794,spatial_wind,2026-01
2026-01-29T19:00:00Z,2026-01-31T18:00:00Z,turbine_2,48,0.1999999999999999,2025-12-31T19:00:00Z,0.076509631333711,-0.1234903686662888,spatial_wind,2026-01
2026-01-29T19:00:00Z,2026-01-30T19:00:00Z,turbine_1,25,0.1383333333333333,2025-12-31T19:00:00Z,0.4091671007958489,0.2708337674625156,gradient_wind,2026-01
2026-01-29T19:00:00Z,2026-01-30T20:00:00Z,turbine_1,26,0.1433333333333333,2025-12-31T19:00:00Z,0.4364928815895816,0.2931595482562483,gradient_wind,2026-01
2026-01-29T19:00:00Z,2026-01-30T21:00:00Z,turbine_1,27,0.1866666666666666,2025-12-31T19:00:00Z,0.4196929185687387,0.2330262519020721,gradient_wind,2026-01
2026-01-29T19:00:00Z,2026-01-30T22:00:00Z,turbine_1,28,0.13,2025-12-31T19:00:00Z,0.4199601880805056,0.2899601880805056,gradient_wind,2026-01
2026-01-29T19:00:00Z,2026-01-30T23:00:00Z,turbine_1,29,0.0783333333333333,2025-12-31T19:00:00Z,0.439935436391922,0.3616021030585887,gradient_wind,2026-01
2026-01-29T19:00:00Z,2026-01-31T00:00:00Z,turbine_1,30,0.1116666666666666,2025-12-31T19:00:00Z,0.6139594267695949,0.5022927601029283,gradient_wind,2026-01
2026-01-29T19:00:00Z,2026-01-31T01:00:00Z,turbine_1,31,0.145,2025-12-31T19:00:00Z,0.6258046385618777,0.4808046385618777,gradient_wind,2026-01
2026-01-29T19:00:00Z,2026-01-31T02:00:00Z,turbine_1,32,0.48,2025-12-31T19:00:00Z,0.6408535876952386,0.1608535876952386,gradient_wind,2026-01
2026-01-29T19:00:00Z,2026-01-31T03:00:00Z,turbine_1,33,0.5016666666666666,2025-12-31T19:00:00Z,0.6974749916737447,0.1958083250070781,gradient_wind,2026-01
2026-01-29T19:00:00Z,2026-01-31T04:00:00Z,turbine_1,34,0.5216666666666666,2025-12-31T19:00:00Z,0.7303923264070151,0.2087256597403485,gradient_wind,2026-01
2026-01-29T19:00:00Z,2026-01-31T05:00:00Z,turbine_1,35,0.95,2025-12-31T19:00:00Z,0.8124658799586851,-0.1375341200413148,gradient_wind,2026-01
2026-01-29T19:00:00Z,2026-01-31T06:00:00Z,turbine_1,36,0.9583333333333334,2025-12-31T19:00:00Z,0.7782717507995679,-0.1800615825337654,gradient_wind,2026-01
2026-01-29T19:00:00Z,2026-01-31T07:00:00Z,turbine_1,37,0.9266666666666666,2025-12-31T19:00:00Z,0.7890228850034244,-0.1376437816632422,gradient_wind,2026-01
2026-01-29T19:00:00Z,2026-01-31T08:00:00Z,turbine_1,38,0.945,2025-12-31T19:00:00Z,0.8086588578242379,-0.1363411421757621,gradient_wind,2026-01
2026-01-29T19:00:00Z,2026-01-31T09:00:00Z,turbine_1,39,0.8783333333333333,2025-12-31T19:00:00Z,0.8005407515663964,-0.0777925817669369,gradient_wind,2026-01
2026-01-29T19:00:00Z,2026-01-31T10:00:00Z,turbine_1,40,0.875,2025-12-31T19:00:00Z,0.8131984819599827,-0.0618015180400173,gradient_wind,2026-01
2026-01-29T19:00:00Z,2026-01-31T11:00:00Z,turbine_1,41,0.8450000000000001,2025-12-31T19:00:00Z,0.6275321606621491,-0.2174678393378509,gradient_wind,2026-01
2026-01-29T19:00:00Z,2026-01-31T12:00:00Z,turbine_1,42,0.7983333333333333,2025-12-31T19:00:00Z,0.5339556250267228,-0.2643777083066105,gradient_wind,2026-01
2026-01-29T19:00:00Z,2026-01-31T13:00:00Z,turbine_1,43,0.81,2025-12-31T19:00:00Z,0.4075250046575852,-0.4024749953424149,gradient_wind,2026-01
2026-01-29T19:00:00Z,2026-01-31T14:00:00Z,turbine_1,44,0.8216666666666667,2025-12-31T19:00:00Z,0.3307411198480115,-0.4909255468186551,gradient_wind,2026-01
2026-01-29T19:00:00Z,2026-01-31T15:00:00Z,turbine_1,45,0.3383333333333334,2025-12-31T19:00:00Z,0.2429222974315102,-0.0954110359018231,gradient_wind,2026-01
2026-01-29T19:00:00Z,2026-01-31T16:00:00Z,turbine_1,46,0.03,2025-12-31T19:00:00Z,0.1250808427870864,0.0950808427870864,gradient_wind,2026-01
2026-01-29T19:00:00Z,2026-01-31T17:00:00Z,turbine_1,47,0.0166666666666666,2025-12-31T19:00:00Z,0.0627506101923819,0.0460839435257153,gradient_wind,2026-01
2026-01-29T19:00:00Z,2026-01-31T18:00:00Z,turbine_1,48,0.1999999999999999,2025-12-31T19:00:00Z,0.0587734157485554,-0.1412265842514444,gradient_wind,2026-01
2026-01-29T19:00:00Z,2026-01-30T19:00:00Z,turbine_2,25,0.1533333333333333,2025-12-31T19:00:00Z,0.397219612019869,0.2438862786865357,gradient_wind,2026-01
2026-01-29T19:00:00Z,2026-01-30T20:00:00Z,turbine_2,26,0.1166666666666666,2025-12-31T19:00:00Z,0.422262145155166,0.3055954784884994,gradient_wind,2026-01
2026-01-29T19:00:00Z,2026-01-30T21:00:00Z,turbine_2,27,0.16,2025-12-31T19:00:00Z,0.4068659288934255,0.2468659288934254,gradient_wind,2026-01
2026-01-29T19:00:00Z,2026-01-30T22:00:00Z,turbine_2,28,0.1216666666666666,2025-12-31T19:00:00Z,0.4071108662899085,0.2854441996232419,gradient_wind,2026-01
2026-01-29T19:00:00Z,2026-01-30T23:00:00Z,turbine_2,29,0.0716666666666666,2025-12-31T19:00:00Z,0.4254070793006425,0.3537404126339759,gradient_wind,2026-01
2026-01-29T19:00:00Z,2026-01-31T00:00:00Z,turbine_2,30,0.1066666666666666,2025-12-31T19:00:00Z,0.6043834258164998,0.4977167591498332,gradient_wind,2026-01
2026-01-29T19:00:00Z,2026-01-31T01:00:00Z,turbine_2,31,0.1033333333333333,2025-12-31T19:00:00Z,0.6147284745248991,0.5113951411915658,gradient_wind,2026-01
2026-01-29T19:00:00Z,2026-01-31T02:00:00Z,turbine_2,32,0.4716666666666667,2025-12-31T19:00:00Z,0.6278715161627249,0.1562048494960581,gradient_wind,2026-01
2026-01-29T19:00:00Z,2026-01-31T03:00:00Z,turbine_2,33,0.48,2025-12-31T19:00:00Z,0.6834959091021803,0.2034959091021803,gradient_wind,2026-01
2026-01-29T19:00:00Z,2026-01-31T04:00:00Z,turbine_2,34,0.6583333333333333,2025-12-31T19:00:00Z,0.7179451700352643,0.0596118367019309,gradient_wind,2026-01
2026-01-29T19:00:00Z,2026-01-31T05:00:00Z,turbine_2,35,0.9383333333333334,2025-12-31T19:00:00Z,0.8001866051607696,-0.1381467281725638,gradient_wind,2026-01
2026-01-29T19:00:00Z,2026-01-31T06:00:00Z,turbine_2,36,0.9766666666666666,2025-12-31T19:00:00Z,0.7652552575900043,-0.2114114090766622,gradient_wind,2026-01
2026-01-29T19:00:00Z,2026-01-31T07:00:00Z,turbine_2,37,0.9683333333333332,2025-12-31T19:00:00Z,0.7758603074458665,-0.1924730258874666,gradient_wind,2026-01
2026-01-29T19:00:00Z,2026-01-31T08:00:00Z,turbine_2,38,0.9766666666666666,2025-12-31T19:00:00Z,0.7959911930462102,-0.1806754736204563,gradient_wind,2026-01
2026-01-29T19:00:00Z,2026-01-31T09:00:00Z,turbine_2,39,0.8933333333333332,2025-12-31T19:00:00Z,0.7872216714487148,-0.1061116618846184,gradient_wind,2026-01
2026-01-29T19:00:00Z,2026-01-31T10:00:00Z,turbine_2,40,0.9,2025-12-31T19:00:00Z,0.8009939467529247,-0.0990060532470753,gradient_wind,2026-01
2026-01-29T19:00:00Z,2026-01-31T11:00:00Z,turbine_2,41,0.94,2025-12-31T19:00:00Z,0.6162372107624211,-0.3237627892375788,gradient_wind,2026-01
2026-01-29T19:00:00Z,2026-01-31T12:00:00Z,turbine_2,42,0.8566666666666666,2025-12-31T19:00:00Z,0.5215334253126621,-0.3351332413540044,gradient_wind,2026-01
2026-01-29T19:00:00Z,2026-01-31T13:00:00Z,turbine_2,43,0.8250000000000001,2025-12-31T19:00:00Z,0.3957147237510133,-0.4292852762489867,gradient_wind,2026-01
2026-01-29T19:00:00Z,2026-01-31T14:00:00Z,turbine_2,44,0.8833333333333333,2025-12-31T19:00:00Z,0.322418117323974,-0.5609152160093593,gradient_wind,2026-01
2026-01-29T19:00:00Z,2026-01-31T15:00:00Z,turbine_2,45,0.3516666666666666,2025-12-31T19:00:00Z,0.2337677589623535,-0.117898907704313,gradient_wind,2026-01
2026-01-29T19:00:00Z,2026-01-31T16:00:00Z,turbine_2,46,0.0266666666666666,2025-12-31T19:00:00Z,0.1184544629752594,0.0917877963085928,gradient_wind,2026-01
2026-01-29T19:00:00Z,2026-01-31T17:00:00Z,turbine_2,47,0.02,2025-12-31T19:00:00Z,0.0593338111408813,0.0393338111408813,gradient_wind,2026-01
2026-01-29T19:00:00Z,2026-01-31T18:00:00Z,turbine_2,48,0.1999999999999999,2025-12-31T19:00:00Z,0.0553977845971392,-0.1446022154028606,gradient_wind,2026-01
2026-01-29T19:00:00Z,2026-01-30T19:00:00Z,turbine_1,25,0.1383333333333333,2025-12-31T19:00:00Z,0.3376674032831674,0.1993340699498341,spatial_direct,2026-01
2026-01-29T19:00:00Z,2026-01-30T20:00:00Z,turbine_1,26,0.1433333333333333,2025-12-31T19:00:00Z,0.3490717319864941,0.2057383986531608,spatial_direct,2026-01
2026-01-29T19:00:00Z,2026-01-30T21:00:00Z,turbine_1,27,0.1866666666666666,2025-12-31T19:00:00Z,0.3508583052988533,0.1641916386321867,spatial_direct,2026-01
2026-01-29T19:00:00Z,2026-01-30T22:00:00Z,turbine_1,28,0.13,2025-12-31T19:00:00Z,0.3379767241105661,0.2079767241105661,spatial_direct,2026-01
2026-01-29T19:00:00Z,2026-01-30T23:00:00Z,turbine_1,29,0.0783333333333333,2025-12-31T19:00:00Z,0.3579986558685412,0.2796653225352078,spatial_direct,2026-01
2026-01-29T19:00:00Z,2026-01-31T00:00:00Z,turbine_1,30,0.1116666666666666,2025-12-31T19:00:00Z,0.467561953486758,0.3558952868200914,spatial_direct,2026-01
2026-01-29T19:00:00Z,2026-01-31T01:00:00Z,turbine_1,31,0.145,2025-12-31T19:00:00Z,0.4902077834204537,0.3452077834204536,spatial_direct,2026-01
2026-01-29T19:00:00Z,2026-01-31T02:00:00Z,turbine_1,32,0.48,2025-12-31T19:00:00Z,0.5549700667336672,0.0749700667336672,spatial_direct,2026-01
2026-01-29T19:00:00Z,2026-01-31T03:00:00Z,turbine_1,33,0.5016666666666666,2025-12-31T19:00:00Z,0.6066780281185811,0.1050113614519144,spatial_direct,2026-01
2026-01-29T19:00:00Z,2026-01-31T04:00:00Z,turbine_1,34,0.5216666666666666,2025-12-31T19:00:00Z,0.674372432289035,0.1527057656223683,spatial_direct,2026-01
2026-01-29T19:00:00Z,2026-01-31T05:00:00Z,turbine_1,35,0.95,2025-12-31T19:00:00Z,0.8149555131537523,-0.1350444868462477,spatial_direct,2026-01
2026-01-29T19:00:00Z,2026-01-31T06:00:00Z,turbine_1,36,0.9583333333333334,2025-12-31T19:00:00Z,0.637817860357647,-0.3205154729756864,spatial_direct,2026-01
2026-01-29T19:00:00Z,2026-01-31T07:00:00Z,turbine_1,37,0.9266666666666666,2025-12-31T19:00:00Z,0.6244740553069089,-0.3021926113597577,spatial_direct,2026-01
2026-01-29T19:00:00Z,2026-01-31T08:00:00Z,turbine_1,38,0.945,2025-12-31T19:00:00Z,0.6625431172592597,-0.2824568827407402,spatial_direct,2026-01
2026-01-29T19:00:00Z,2026-01-31T09:00:00Z,turbine_1,39,0.8783333333333333,2025-12-31T19:00:00Z,0.692311545955058,-0.1860217873782753,spatial_direct,2026-01
2026-01-29T19:00:00Z,2026-01-31T10:00:00Z,turbine_1,40,0.875,2025-12-31T19:00:00Z,0.6514011393128194,-0.2235988606871806,spatial_direct,2026-01
2026-01-29T19:00:00Z,2026-01-31T11:00:00Z,turbine_1,41,0.8450000000000001,2025-12-31T19:00:00Z,0.5299970273772823,-0.3150029726227178,spatial_direct,2026-01
2026-01-29T19:00:00Z,2026-01-31T12:00:00Z,turbine_1,42,0.7983333333333333,2025-12-31T19:00:00Z,0.4321627487117374,-0.3661705846215959,spatial_direct,2026-01
2026-01-29T19:00:00Z,2026-01-31T13:00:00Z,turbine_1,43,0.81,2025-12-31T19:00:00Z,0.3139133533055883,-0.4960866466944117,spatial_direct,2026-01
2026-01-29T19:00:00Z,2026-01-31T14:00:00Z,turbine_1,44,0.8216666666666667,2025-12-31T19:00:00Z,0.243957440628516,-0.5777092260381506,spatial_direct,2026-01
2026-01-29T19:00:00Z,2026-01-31T15:00:00Z,turbine_1,45,0.3383333333333334,2025-12-31T19:00:00Z,0.183185965974759,-0.1551473673585743,spatial_direct,2026-01
2026-01-29T19:00:00Z,2026-01-31T16:00:00Z,turbine_1,46,0.03,2025-12-31T19:00:00Z,0.1183435216216405,0.0883435216216405,spatial_direct,2026-01
2026-01-29T19:00:00Z,2026-01-31T17:00:00Z,turbine_1,47,0.0166666666666666,2025-12-31T19:00:00Z,0.0863085805352829,0.0696419138686163,spatial_direct,2026-01
2026-01-29T19:00:00Z,2026-01-31T18:00:00Z,turbine_1,48,0.1999999999999999,2025-12-31T19:00:00Z,0.0588409333159233,-0.1411590666840766,spatial_direct,2026-01
2026-01-29T19:00:00Z,2026-01-30T19:00:00Z,turbine_2,25,0.1533333333333333,2025-12-31T19:00:00Z,0.3376343099591247,0.1843009766257914,spatial_direct,2026-01
2026-01-29T19:00:00Z,2026-01-30T20:00:00Z,turbine_2,26,0.1166666666666666,2025-12-31T19:00:00Z,0.3490386386624514,0.2323719719957848,spatial_direct,2026-01
2026-01-29T19:00:00Z,2026-01-30T21:00:00Z,turbine_2,27,0.16,2025-12-31T19:00:00Z,0.3508252119748106,0.1908252119748106,spatial_direct,2026-01
2026-01-29T19:00:00Z,2026-01-30T22:00:00Z,turbine_2,28,0.1216666666666666,2025-12-31T19:00:00Z,0.3379436307865234,0.2162769641198568,spatial_direct,2026-01
2026-01-29T19:00:00Z,2026-01-30T23:00:00Z,turbine_2,29,0.0716666666666666,2025-12-31T19:00:00Z,0.3579655625444984,0.2862988958778318,spatial_direct,2026-01
2026-01-29T19:00:00Z,2026-01-31T00:00:00Z,turbine_2,30,0.1066666666666666,2025-12-31T19:00:00Z,0.4675288601627153,0.3608621934960487,spatial_direct,2026-01
2026-01-29T19:00:00Z,2026-01-31T01:00:00Z,turbine_2,31,0.1033333333333333,2025-12-31T19:00:00Z,0.490174690096411,0.3868413567630777,spatial_direct,2026-01
2026-01-29T19:00:00Z,2026-01-31T02:00:00Z,turbine_2,32,0.4716666666666667,2025-12-31T19:00:00Z,0.5549369734096246,0.0832703067429578,spatial_direct,2026-01
2026-01-29T19:00:00Z,2026-01-31T03:00:00Z,turbine_2,33,0.48,2025-12-31T19:00:00Z,0.6066449347945384,0.1266449347945384,spatial_direct,2026-01
2026-01-29T19:00:00Z,2026-01-31T04:00:00Z,turbine_2,34,0.6583333333333333,2025-12-31T19:00:00Z,0.6743393389649923,0.0160060056316589,spatial_direct,2026-01
2026-01-29T19:00:00Z,2026-01-31T05:00:00Z,turbine_2,35,0.9383333333333334,2025-12-31T19:00:00Z,0.8149224198297096,-0.1234109135036237,spatial_direct,2026-01
2026-01-29T19:00:00Z,2026-01-31T06:00:00Z,turbine_2,36,0.9766666666666666,2025-12-31T19:00:00Z,0.6377847670336043,-0.3388818996330622,spatial_direct,2026-01
2026-01-29T19:00:00Z,2026-01-31T07:00:00Z,turbine_2,37,0.9683333333333332,2025-12-31T19:00:00Z,0.6244409619828662,-0.3438923713504669,spatial_direct,2026-01
2026-01-29T19:00:00Z,2026-01-31T08:00:00Z,turbine_2,38,0.9766666666666666,2025-12-31T19:00:00Z,0.6625100239352171,-0.3141566427314495,spatial_direct,2026-01
2026-01-29T19:00:00Z,2026-01-31T09:00:00Z,turbine_2,39,0.8933333333333332,2025-12-31T19:00:00Z,0.6922784526310153,-0.2010548807023179,spatial_direct,2026-01
2026-01-29T19:00:00Z,2026-01-31T10:00:00Z,turbine_2,40,0.9,2025-12-31T19:00:00Z,0.6513680459887767,-0.2486319540112233,spatial_direct,2026-01
2026-01-29T19:00:00Z,2026-01-31T11:00:00Z,turbine_2,41,0.94,2025-12-31T19:00:00Z,0.5299639340532396,-0.4100360659467603,spatial_direct,2026-01
2026-01-29T19:00:00Z,2026-01-31T12:00:00Z,turbine_2,42,0.8566666666666666,2025-12-31T19:00:00Z,0.4321296553876947,-0.4245370112789718,spatial_direct,2026-01
2026-01-29T19:00:00Z,2026-01-31T13:00:00Z,turbine_2,43,0.8250000000000001,2025-12-31T19:00:00Z,0.3138802599815456,-0.5111197400184544,spatial_direct,2026-01
2026-01-29T19:00:00Z,2026-01-31T14:00:00Z,turbine_2,44,0.8833333333333333,2025-12-31T19:00:00Z,0.2439243473044733,-0.6394089860288599,spatial_direct,2026-01
2026-01-29T19:00:00Z,2026-01-31T15:00:00Z,turbine_2,45,0.3516666666666666,2025-12-31T19:00:00Z,0.1831528726507164,-0.1685137940159502,spatial_direct,2026-01
2026-01-29T19:00:00Z,2026-01-31T16:00:00Z,turbine_2,46,0.0266666666666666,2025-12-31T19:00:00Z,0.1183104282975978,0.0916437616309312,spatial_direct,2026-01
2026-01-29T19:00:00Z,2026-01-31T17:00:00Z,turbine_2,47,0.02,2025-12-31T19:00:00Z,0.0862754872112402,0.0662754872112402,spatial_direct,2026-01
2026-01-29T19:00:00Z,2026-01-31T18:00:00Z,turbine_2,48,0.1999999999999999,2025-12-31T19:00:00Z,0.0588078399918805,-0.1411921600081193,spatial_direct,2026-01
2026-01-29T19:00:00Z,2026-01-30T19:00:00Z,turbine_1,25,0.1383333333333333,2025-12-31T19:00:00Z,0.3785343732889186,0.2402010399555853,spatial_hist,2026-01
2026-01-29T19:00:00Z,2026-01-30T20:00:00Z,turbine_1,26,0.1433333333333333,2025-12-31T19:00:00Z,0.3664234002628733,0.2230900669295399,spatial_hist,2026-01
2026-01-29T19:00:00Z,2026-01-30T21:00:00Z,turbine_1,27,0.1866666666666666,2025-12-31T19:00:00Z,0.3615838542259568,0.1749171875592902,spatial_hist,2026-01
2026-01-29T19:00:00Z,2026-01-30T22:00:00Z,turbine_1,28,0.13,2025-12-31T19:00:00Z,0.3558940855291159,0.2258940855291159,spatial_hist,2026-01
2026-01-29T19:00:00Z,2026-01-30T23:00:00Z,turbine_1,29,0.0783333333333333,2025-12-31T19:00:00Z,0.3541216270761395,0.2757882937428062,spatial_hist,2026-01
2026-01-29T19:00:00Z,2026-01-31T00:00:00Z,turbine_1,30,0.1116666666666666,2025-12-31T19:00:00Z,0.4328405284151193,0.3211738617484527,spatial_hist,2026-01
2026-01-29T19:00:00Z,2026-01-31T01:00:00Z,turbine_1,31,0.145,2025-12-31T19:00:00Z,0.4498117747191109,0.3048117747191109,spatial_hist,2026-01
2026-01-29T19:00:00Z,2026-01-31T02:00:00Z,turbine_1,32,0.48,2025-12-31T19:00:00Z,0.4812686810647652,0.0012686810647652,spatial_hist,2026-01
2026-01-29T19:00:00Z,2026-01-31T03:00:00Z,turbine_1,33,0.5016666666666666,2025-12-31T19:00:00Z,0.5099079773425771,0.0082413106759104,spatial_hist,2026-01
2026-01-29T19:00:00Z,2026-01-31T04:00:00Z,turbine_1,34,0.5216666666666666,2025-12-31T19:00:00Z,0.6567189432451703,0.1350522765785037,spatial_hist,2026-01
2026-01-29T19:00:00Z,2026-01-31T05:00:00Z,turbine_1,35,0.95,2025-12-31T19:00:00Z,0.7811613191588722,-0.1688386808411277,spatial_hist,2026-01
2026-01-29T19:00:00Z,2026-01-31T06:00:00Z,turbine_1,36,0.9583333333333334,2025-12-31T19:00:00Z,0.4851866570906697,-0.4731466762426636,spatial_hist,2026-01
2026-01-29T19:00:00Z,2026-01-31T07:00:00Z,turbine_1,37,0.9266666666666666,2025-12-31T19:00:00Z,0.4583339181631207,-0.4683327485035459,spatial_hist,2026-01
2026-01-29T19:00:00Z,2026-01-31T08:00:00Z,turbine_1,38,0.945,2025-12-31T19:00:00Z,0.4947637438686205,-0.4502362561313794,spatial_hist,2026-01
2026-01-29T19:00:00Z,2026-01-31T09:00:00Z,turbine_1,39,0.8783333333333333,2025-12-31T19:00:00Z,0.4994746538996385,-0.3788586794336948,spatial_hist,2026-01
2026-01-29T19:00:00Z,2026-01-31T10:00:00Z,turbine_1,40,0.875,2025-12-31T19:00:00Z,0.5406776708409805,-0.3343223291590195,spatial_hist,2026-01
2026-01-29T19:00:00Z,2026-01-31T11:00:00Z,turbine_1,41,0.8450000000000001,2025-12-31T19:00:00Z,0.4665871610342162,-0.3784128389657838,spatial_hist,2026-01
2026-01-29T19:00:00Z,2026-01-31T12:00:00Z,turbine_1,42,0.7983333333333333,2025-12-31T19:00:00Z,0.372481533611272,-0.4258517997220613,spatial_hist,2026-01
2026-01-29T19:00:00Z,2026-01-31T13:00:00Z,turbine_1,43,0.81,2025-12-31T19:00:00Z,0.2797133044976592,-0.5302866955023409,spatial_hist,2026-01
2026-01-29T19:00:00Z,2026-01-31T14:00:00Z,turbine_1,44,0.8216666666666667,2025-12-31T19:00:00Z,0.2654689415806024,-0.5561977250860642,spatial_hist,2026-01
2026-01-29T19:00:00Z,2026-01-31T15:00:00Z,turbine_1,45,0.3383333333333334,2025-12-31T19:00:00Z,0.2706480263866577,-0.0676853069466756,spatial_hist,2026-01
2026-01-29T19:00:00Z,2026-01-31T16:00:00Z,turbine_1,46,0.03,2025-12-31T19:00:00Z,0.1722808868947995,0.1422808868947995,spatial_hist,2026-01
2026-01-29T19:00:00Z,2026-01-31T17:00:00Z,turbine_1,47,0.0166666666666666,2025-12-31T19:00:00Z,0.1146526440131573,0.0979859773464907,spatial_hist,2026-01
2026-01-29T19:00:00Z,2026-01-31T18:00:00Z,turbine_1,48,0.1999999999999999,2025-12-31T19:00:00Z,0.0945605566283203,-0.1054394433716795,spatial_hist,2026-01
2026-01-29T19:00:00Z,2026-01-30T19:00:00Z,turbine_2,25,0.1533333333333333,2025-12-31T19:00:00Z,0.376468925630133,0.2231355922967997,spatial_hist,2026-01
2026-01-29T19:00:00Z,2026-01-30T20:00:00Z,turbine_2,26,0.1166666666666666,2025-12-31T19:00:00Z,0.3642332857819383,0.2475666191152717,spatial_hist,2026-01
2026-01-29T19:00:00Z,2026-01-30T21:00:00Z,turbine_2,27,0.16,2025-12-31T19:00:00Z,0.35860287879648,0.19860287879648,spatial_hist,2026-01
2026-01-29T19:00:00Z,2026-01-30T22:00:00Z,turbine_2,28,0.1216666666666666,2025-12-31T19:00:00Z,0.3518030660275699,0.2301363993609033,spatial_hist,2026-01
2026-01-29T19:00:00Z,2026-01-30T23:00:00Z,turbine_2,29,0.0716666666666666,2025-12-31T19:00:00Z,0.3523707139660478,0.2807040472993812,spatial_hist,2026-01
2026-01-29T19:00:00Z,2026-01-31T00:00:00Z,turbine_2,30,0.1066666666666666,2025-12-31T19:00:00Z,0.4294245394445853,0.3227578727779188,spatial_hist,2026-01
2026-01-29T19:00:00Z,2026-01-31T01:00:00Z,turbine_2,31,0.1033333333333333,2025-12-31T19:00:00Z,0.446395785748577,0.3430624524152437,spatial_hist,2026-01
2026-01-29T19:00:00Z,2026-01-31T02:00:00Z,turbine_2,32,0.4716666666666667,2025-12-31T19:00:00Z,0.4824181346801275,0.0107514680134608,spatial_hist,2026-01
2026-01-29T19:00:00Z,2026-01-31T03:00:00Z,turbine_2,33,0.48,2025-12-31T19:00:00Z,0.510044434688274,0.030044434688274,spatial_hist,2026-01
2026-01-29T19:00:00Z,2026-01-31T04:00:00Z,turbine_2,34,0.6583333333333333,2025-12-31T19:00:00Z,0.6586613834336169,0.0003280501002835,spatial_hist,2026-01
2026-01-29T19:00:00Z,2026-01-31T05:00:00Z,turbine_2,35,0.9383333333333334,2025-12-31T19:00:00Z,0.7767034651160046,-0.1616298682173287,spatial_hist,2026-01
2026-01-29T19:00:00Z,2026-01-31T06:00:00Z,turbine_2,36,0.9766666666666666,2025-12-31T19:00:00Z,0.4810319753883211,-0.4956346912783455,spatial_hist,2026-01
2026-01-29T19:00:00Z,2026-01-31T07:00:00Z,turbine_2,37,0.9683333333333332,2025-12-31T19:00:00Z,0.4565396883386424,-0.5117936449946907,spatial_hist,2026-01
2026-01-29T19:00:00Z,2026-01-31T08:00:00Z,turbine_2,38,0.9766666666666666,2025-12-31T19:00:00Z,0.4918661037770589,-0.4848005628896076,spatial_hist,2026-01
2026-01-29T19:00:00Z,2026-01-31T09:00:00Z,turbine_2,39,0.8933333333333332,2025-12-31T19:00:00Z,0.4981153820279926,-0.3952179513053405,spatial_hist,2026-01
2026-01-29T19:00:00Z,2026-01-31T10:00:00Z,turbine_2,40,0.9,2025-12-31T19:00:00Z,0.543279080120873,-0.356720919879127,spatial_hist,2026-01
2026-01-29T19:00:00Z,2026-01-31T11:00:00Z,turbine_2,41,0.94,2025-12-31T19:00:00Z,0.4691047068336841,-0.4708952931663158,spatial_hist,2026-01
2026-01-29T19:00:00Z,2026-01-31T12:00:00Z,turbine_2,42,0.8566666666666666,2025-12-31T19:00:00Z,0.3769693394899009,-0.4796973271767656,spatial_hist,2026-01
2026-01-29T19:00:00Z,2026-01-31T13:00:00Z,turbine_2,43,0.8250000000000001,2025-12-31T19:00:00Z,0.2761195856671329,-0.5488804143328672,spatial_hist,2026-01
2026-01-29T19:00:00Z,2026-01-31T14:00:00Z,turbine_2,44,0.8833333333333333,2025-12-31T19:00:00Z,0.2613639196841813,-0.621969413649152,spatial_hist,2026-01
2026-01-29T19:00:00Z,2026-01-31T15:00:00Z,turbine_2,45,0.3516666666666666,2025-12-31T19:00:00Z,0.2654617659782291,-0.0862049006884375,spatial_hist,2026-01
2026-01-29T19:00:00Z,2026-01-31T16:00:00Z,turbine_2,46,0.0266666666666666,2025-12-31T19:00:00Z,0.1695999157117074,0.1429332490450408,spatial_hist,2026-01
2026-01-29T19:00:00Z,2026-01-31T17:00:00Z,turbine_2,47,0.02,2025-12-31T19:00:00Z,0.1166835569661798,0.0966835569661797,spatial_hist,2026-01
2026-01-29T19:00:00Z,2026-01-31T18:00:00Z,turbine_2,48,0.1999999999999999,2025-12-31T19:00:00Z,0.0899137228305977,-0.1100862771694021,spatial_hist,2026-01
2026-01-29T19:00:00Z,2026-01-30T19:00:00Z,turbine_1,25,0.1383333333333333,2025-12-31T19:00:00Z,0.4273800757036882,0.2890467423703549,blend_spatial_direct,2026-01
2026-01-29T19:00:00Z,2026-01-30T20:00:00Z,turbine_1,26,0.1433333333333333,2025-12-31T19:00:00Z,0.4569550955287923,0.313621762195459,blend_spatial_direct,2026-01
2026-01-29T19:00:00Z,2026-01-30T21:00:00Z,turbine_1,27,0.1866666666666666,2025-12-31T19:00:00Z,0.4688194353753478,0.2821527687086812,blend_spatial_direct,2026-01
2026-01-29T19:00:00Z,2026-01-30T22:00:00Z,turbine_1,28,0.13,2025-12-31T19:00:00Z,0.4463436525510076,0.3163436525510076,blend_spatial_direct,2026-01
2026-01-29T19:00:00Z,2026-01-30T23:00:00Z,turbine_1,29,0.0783333333333333,2025-12-31T19:00:00Z,0.4592482978813212,0.3809149645479879,blend_spatial_direct,2026-01
2026-01-29T19:00:00Z,2026-01-31T00:00:00Z,turbine_1,30,0.1116666666666666,2025-12-31T19:00:00Z,0.5096894275134405,0.3980227608467739,blend_spatial_direct,2026-01
2026-01-29T19:00:00Z,2026-01-31T01:00:00Z,turbine_1,31,0.145,2025-12-31T19:00:00Z,0.5217357623431198,0.3767357623431198,blend_spatial_direct,2026-01
2026-01-29T19:00:00Z,2026-01-31T02:00:00Z,turbine_1,32,0.48,2025-12-31T19:00:00Z,0.5620745224908735,0.0820745224908735,blend_spatial_direct,2026-01
2026-01-29T19:00:00Z,2026-01-31T03:00:00Z,turbine_1,33,0.5016666666666666,2025-12-31T19:00:00Z,0.6217948163622664,0.1201281496955998,blend_spatial_direct,2026-01
2026-01-29T19:00:00Z,2026-01-31T04:00:00Z,turbine_1,34,0.5216666666666666,2025-12-31T19:00:00Z,0.6850127078505159,0.1633460411838493,blend_spatial_direct,2026-01
2026-01-29T19:00:00Z,2026-01-31T05:00:00Z,turbine_1,35,0.95,2025-12-31T19:00:00Z,0.6855564669354323,-0.2644435330645677,blend_spatial_direct,2026-01
2026-01-29T19:00:00Z,2026-01-31T06:00:00Z,turbine_1,36,0.9583333333333334,2025-12-31T19:00:00Z,0.6078389384798527,-0.3504943948534806,blend_spatial_direct,2026-01
2026-01-29T19:00:00Z,2026-01-31T07:00:00Z,turbine_1,37,0.9266666666666666,2025-12-31T19:00:00Z,0.6048440128925927,-0.3218226537740739,blend_spatial_direct,2026-01
2026-01-29T19:00:00Z,2026-01-31T08:00:00Z,turbine_1,38,0.945,2025-12-31T19:00:00Z,0.6136907881651752,-0.3313092118348247,blend_spatial_direct,2026-01
2026-01-29T19:00:00Z,2026-01-31T09:00:00Z,turbine_1,39,0.8783333333333333,2025-12-31T19:00:00Z,0.6458124355977138,-0.2325208977356194,blend_spatial_direct,2026-01
2026-01-29T19:00:00Z,2026-01-31T10:00:00Z,turbine_1,40,0.875,2025-12-31T19:00:00Z,0.6700191593593883,-0.2049808406406117,blend_spatial_direct,2026-01
2026-01-29T19:00:00Z,2026-01-31T11:00:00Z,turbine_1,41,0.8450000000000001,2025-12-31T19:00:00Z,0.5740547461502216,-0.2709452538497785,blend_spatial_direct,2026-01
2026-01-29T19:00:00Z,2026-01-31T12:00:00Z,turbine_1,42,0.7983333333333333,2025-12-31T19:00:00Z,0.4681725640504016,-0.3301607692829317,blend_spatial_direct,2026-01
2026-01-29T19:00:00Z,2026-01-31T13:00:00Z,turbine_1,43,0.81,2025-12-31T19:00:00Z,0.3746019707816252,-0.4353980292183748,blend_spatial_direct,2026-01
2026-01-29T19:00:00Z,2026-01-31T14:00:00Z,turbine_1,44,0.8216666666666667,2025-12-31T19:00:00Z,0.2508308375521288,-0.5708358291145379,blend_spatial_direct,2026-01
2026-01-29T19:00:00Z,2026-01-31T15:00:00Z,turbine_1,45,0.3383333333333334,2025-12-31T19:00:00Z,0.1495668832779382,-0.1887664500553951,blend_spatial_direct,2026-01
2026-01-29T19:00:00Z,2026-01-31T16:00:00Z,turbine_1,46,0.03,2025-12-31T19:00:00Z,0.0854881199668201,0.0554881199668201,blend_spatial_direct,2026-01
2026-01-29T19:00:00Z,2026-01-31T17:00:00Z,turbine_1,47,0.0166666666666666,2025-12-31T19:00:00Z,0.0503453257422339,0.0336786590755673,blend_spatial_direct,2026-01
2026-01-29T19:00:00Z,2026-01-31T18:00:00Z,turbine_1,48,0.1999999999999999,2025-12-31T19:00:00Z,0.0344939142417195,-0.1655060857582803,blend_spatial_direct,2026-01
2026-01-29T19:00:00Z,2026-01-30T19:00:00Z,turbine_2,25,0.1533333333333333,2025-12-31T19:00:00Z,0.4197911477770634,0.26645781444373,blend_spatial_direct,2026-01
2026-01-29T19:00:00Z,2026-01-30T20:00:00Z,turbine_2,26,0.1166666666666666,2025-12-31T19:00:00Z,0.4526124097558359,0.3359457430891693,blend_spatial_direct,2026-01
2026-01-29T19:00:00Z,2026-01-30T21:00:00Z,turbine_2,27,0.16,2025-12-31T19:00:00Z,0.4655571673786448,0.3055571673786448,blend_spatial_direct,2026-01
2026-01-29T19:00:00Z,2026-01-30T22:00:00Z,turbine_2,28,0.1216666666666666,2025-12-31T19:00:00Z,0.4413123699575761,0.3196457032909096,blend_spatial_direct,2026-01
2026-01-29T19:00:00Z,2026-01-30T23:00:00Z,turbine_2,29,0.0716666666666666,2025-12-31T19:00:00Z,0.454610499185304,0.3829438325186374,blend_spatial_direct,2026-01
2026-01-29T19:00:00Z,2026-01-31T00:00:00Z,turbine_2,30,0.1066666666666666,2025-12-31T19:00:00Z,0.5044614029713017,0.3977947363046351,blend_spatial_direct,2026-01
2026-01-29T19:00:00Z,2026-01-31T01:00:00Z,turbine_2,31,0.1033333333333333,2025-12-31T19:00:00Z,0.5166061087753346,0.4132727754420013,blend_spatial_direct,2026-01
2026-01-29T19:00:00Z,2026-01-31T02:00:00Z,turbine_2,32,0.4716666666666667,2025-12-31T19:00:00Z,0.558026949640978,0.0863602829743113,blend_spatial_direct,2026-01
2026-01-29T19:00:00Z,2026-01-31T03:00:00Z,turbine_2,33,0.48,2025-12-31T19:00:00Z,0.6153580701200703,0.1353580701200702,blend_spatial_direct,2026-01
2026-01-29T19:00:00Z,2026-01-31T04:00:00Z,turbine_2,34,0.6583333333333333,2025-12-31T19:00:00Z,0.6777723359140624,0.019439002580729,blend_spatial_direct,2026-01
2026-01-29T19:00:00Z,2026-01-31T05:00:00Z,turbine_2,35,0.9383333333333334,2025-12-31T19:00:00Z,0.6806235553163543,-0.257709778016979,blend_spatial_direct,2026-01
2026-01-29T19:00:00Z,2026-01-31T06:00:00Z,turbine_2,36,0.9766666666666666,2025-12-31T19:00:00Z,0.6043815914760786,-0.3722850751905879,blend_spatial_direct,2026-01
2026-01-29T19:00:00Z,2026-01-31T07:00:00Z,turbine_2,37,0.9683333333333332,2025-12-31T19:00:00Z,0.6016809473410613,-0.3666523859922719,blend_spatial_direct,2026-01
2026-01-29T19:00:00Z,2026-01-31T08:00:00Z,turbine_2,38,0.9766666666666666,2025-12-31T19:00:00Z,0.6093481023922187,-0.3673185642744478,blend_spatial_direct,2026-01
2026-01-29T19:00:00Z,2026-01-31T09:00:00Z,turbine_2,39,0.8933333333333332,2025-12-31T19:00:00Z,0.6417565480396374,-0.2515767852936957,blend_spatial_direct,2026-01
2026-01-29T19:00:00Z,2026-01-31T10:00:00Z,turbine_2,40,0.9,2025-12-31T19:00:00Z,0.6626155346253328,-0.2373844653746671,blend_spatial_direct,2026-01
2026-01-29T19:00:00Z,2026-01-31T11:00:00Z,turbine_2,41,0.94,2025-12-31T19:00:00Z,0.5688084292500853,-0.3711915707499146,blend_spatial_direct,2026-01
2026-01-29T19:00:00Z,2026-01-31T12:00:00Z,turbine_2,42,0.8566666666666666,2025-12-31T19:00:00Z,0.4602411357097594,-0.3964255309569071,blend_spatial_direct,2026-01
2026-01-29T19:00:00Z,2026-01-31T13:00:00Z,turbine_2,43,0.8250000000000001,2025-12-31T19:00:00Z,0.3673292903869949,-0.4576707096130051,blend_spatial_direct,2026-01
2026-01-29T19:00:00Z,2026-01-31T14:00:00Z,turbine_2,44,0.8833333333333333,2025-12-31T19:00:00Z,0.24609586918265,-0.6372374641506833,blend_spatial_direct,2026-01
2026-01-29T19:00:00Z,2026-01-31T15:00:00Z,turbine_2,45,0.3516666666666666,2025-12-31T19:00:00Z,0.1467655711808583,-0.2049010954858083,blend_spatial_direct,2026-01
2026-01-29T19:00:00Z,2026-01-31T16:00:00Z,turbine_2,46,0.0266666666666666,2025-12-31T19:00:00Z,0.0837587602084219,0.0570920935417553,blend_spatial_direct,2026-01
2026-01-29T19:00:00Z,2026-01-31T17:00:00Z,turbine_2,47,0.02,2025-12-31T19:00:00Z,0.0497641557544321,0.0297641557544321,blend_spatial_direct,2026-01
2026-01-29T19:00:00Z,2026-01-31T18:00:00Z,turbine_2,48,0.1999999999999999,2025-12-31T19:00:00Z,0.0342733103119924,-0.1657266896880074,blend_spatial_direct,2026-01
