fold,model,bucket,turbine,n,mae,rmse,bias
2025-10,blend_direct_0.25,1-24,all,1374,0.1520019079475544,0.22837668587299081,-0.10232597456130314
2025-10,blend_direct_0.25,1-24,turbine_1,687,0.15199904116944013,0.22775681423039007,-0.10081630461373631
2025-10,blend_direct_0.25,1-24,turbine_2,687,0.15200477472566865,0.228994879576564,-0.10383564450886995
2025-10,blend_direct_0.25,25-48,all,1374,0.16862035344157544,0.24824978083783444,-0.0955110173517035
2025-10,blend_direct_0.25,25-48,turbine_1,687,0.16921985919587734,0.2484812919859457,-0.09391585422373958
2025-10,blend_direct_0.25,25-48,turbine_2,687,0.16802084768727357,0.24801805358695336,-0.09710618047966746
2025-10,blend_direct_0.5,1-24,all,1374,0.14731197963240308,0.2216141419900607,-0.0905441277926074
2025-10,blend_direct_0.5,1-24,turbine_1,687,0.14765205178179353,0.2215320562480683,-0.08927029073553633
2025-10,blend_direct_0.5,1-24,turbine_2,687,0.14697190748301267,0.22169619733880022,-0.09181796484967847
2025-10,blend_direct_0.5,25-48,all,1374,0.16465498191756284,0.2436014221483957,-0.08277892827490245
2025-10,blend_direct_0.5,25-48,turbine_1,687,0.16576419264440506,0.24443051051093534,-0.0814447761782718
2025-10,blend_direct_0.5,25-48,turbine_2,687,0.16354577119072064,0.2427695023614072,-0.0841130803715331
2025-10,blend_direct_0.75,1-24,all,1374,0.14327190927617717,0.2161654964601566,-0.07876228102391165
2025-10,blend_direct_0.75,1-24,turbine_1,687,0.1441266600924724,0.2165824818443936,-0.07772427685733634
2025-10,blend_direct_0.75,1-24,turbine_2,687,0.14241715845988195,0.2157477051508425,-0.07980028519048697
2025-10,blend_direct_0.75,25-48,all,1374,0.16146768438282724,0.2405034396742391,-0.0700468391981014
2025-10,blend_direct_0.75,25-48,turbine_1,687,0.1631433786503863,0.241874019324809,-0.06897369813280402
2025-10,blend_direct_0.75,25-48,turbine_2,687,0.15979199011526812,0.2391250044766181,-0.07111998026339877
2025-10,blend_medians_0.25,1-24,all,1374,0.1507714519650655,0.2267795863763294,-0.09953474648229015
2025-10,blend_medians_0.25,1-24,turbine_1,687,0.1504742600679282,0.22589716370713994,-0.09751829209121786
2025-10,blend_medians_0.25,1-24,turbine_2,687,0.1510686438622028,0.22765858873125724,-0.10155120087336247
2025-10,blend_medians_0.25,25-48,all,1374,0.16773902838427948,0.2471670969897268,-0.09272210092188259
2025-10,blend_medians_0.25,25-48,turbine_1,687,0.168146955361475,0.2472349466556021,-0.09059552401746726
2025-10,blend_medians_0.25,25-48,turbine_2,687,0.16733110140708396,0.24709922869337253,-0.09484867782629793
2025-10,blend_medians_0.5,1-24,all,1374,0.14653814895681708,0.22069642778669826,-0.0886833090732654
2025-10,blend_medians_0.5,1-24,turbine_1,687,0.1467046579330422,0.22046361625792718,-0.08707161572052402
2025-10,blend_medians_0.5,1-24,turbine_2,687,0.14637163998059194,0.22092899398244692,-0.0902950024260068
2025-10,blend_medians_0.5,25-48,all,1374,0.1641349344978166,0.24303927647923873,-0.08091965065502184
2025-10,blend_medians_0.5,25-48,turbine_1,687,0.16513248423095583,0.24378423815614195,-0.07923122270742358
2025-10,blend_medians_0.5,25-48,turbine_2,687,0.16313738476467737,0.24229202432134067,-0.0826080786026201
2025-10,blend_medians_0.75,1-24,all,1374,0.14295002426006792,0.21578673990490801,-0.07783187166424067
2025-10,blend_medians_0.75,1-24,turbine_1,687,0.14373017952450268,0.21614101463870994,-0.07662493934983018
2025-10,blend_medians_0.75,1-24,turbine_2,687,0.1421698689956332,0.21543188257202275,-0.07903880397865114
2025-10,blend_medians_0.75,25-48,all,1374,0.16126332484230954,0.24030633536773974,-0.06911720038816108
2025-10,blend_medians_0.75,25-48,turbine_1,687,0.16288305434255215,0.24164740029391507,-0.06786692139737992
2025-10,blend_medians_0.75,25-48,turbine_2,687,0.15964359534206696,0.2389577443125407,-0.07036747937894226
2025-10,curve,1-24,all,1374,0.15730262296751898,0.23634036900387087,-0.11410782132999887
2025-10,curve,1-24,turbine_1,687,0.15699176839006812,0.23515551214146443,-0.1123623184919363
2025-10,curve,1-24,turbine_2,687,0.1576134775449698,0.23751931532247486,-0.11585332416806145
2025-10,curve,25-48,all,1374,0.1732485342243112,0.2543635330291593,-0.10824310642850456
2025-10,curve,25-48,turbine_1,687,0.17332557640499094,0.25395486846966153,-0.10638693226920733
2025-10,curve,25-48,turbine_2,687,0.17317149204363141,0.2547715420738929,-0.11009928058780179
2025-10,dayahead_kernel,1-24,all,1374,0.14810561942764366,0.22160790428770263,-0.0822032895700414
2025-10,dayahead_kernel,1-24,turbine_1,687,0.1494726751730803,0.22247562558186584,-0.08251769180391005
2025-10,dayahead_kernel,1-24,turbine_2,687,0.14673856368220706,0.22073677198766084,-0.08188888733617276
2025-10,dayahead_kernel,25-48,all,1374,0.16493450365597292,0.24424998905641526,-0.07641992841899552
2025-10,dayahead_kernel,25-48,turbine_1,687,0.16638759749814128,0.24549928823052766,-0.0768443452452267
2025-10,dayahead_kernel,25-48,turbine_2,687,0.16348140981380455,0.24299426698262294,-0.07599551159276431
2025-10,direct_median,1-24,all,1374,0.14043545608927707,0.21213201653676972,-0.06698043425521591
2025-10,direct_median,1-24,turbine_1,687,0.14184395924308588,0.21299700682759787,-0.06617826297913634
2025-10,direct_median,1-24,turbine_2,687,0.1390269529354682,0.2112634846877162,-0.06778260553129548
2025-10,direct_median,25-48,all,1374,0.1594289180009704,0.23901612613648326,-0.05731475012130035
2025-10,direct_median,25-48,turbine_1,687,0.16158626880155263,0.24085940449587942,-0.05650262008733624
2025-10,direct_median,25-48,turbine_2,687,0.15727156720038815,0.2371585216104893,-0.05812688015526443
2025-10,kernel_0.5,1-24,all,1374,0.13974174838542625,0.21299457358462467,-0.07005831143087977
2025-10,kernel_0.5,1-24,turbine_1,687,0.14120520916530652,0.21399662141753886,-0.07038777343168383
2025-10,kernel_0.5,1-24,turbine_2,687,0.13827828760554606,0.21198778921171557,-0.06972884943007575
2025-10,kernel_0.5,25-48,all,1374,0.15819175656081524,0.23870325949695181,-0.059696233952884016
2025-10,kernel_0.5,25-48,turbine_1,687,0.16022468638391588,0.2406843094077995,-0.060198965209534265
2025-10,kernel_0.5,25-48,turbine_2,687,0.1561588267377146,0.23670563025375813,-0.05919350269623378
2025-10,kernel_1.0,1-24,all,1374,0.14080027590926872,0.2130947879880167,-0.07238986405374553
2025-10,kernel_1.0,1-24,turbine_1,687,0.1421371523302397,0.2140799274044777,-0.07267569602941522
2025-10,kernel_1.0,1-24,turbine_2,687,0.13946339948829778,0.21210507306004997,-0.07210403207807585
2025-10,kernel_1.0,25-48,all,1374,0.1597094334288256,0.23807738242362153,-0.064848255793698
2025-10,kernel_1.0,25-48,turbine_1,687,0.16148002538554299,0.23974288608230815,-0.0653365503329689
2025-10,kernel_1.0,25-48,turbine_2,687,0.15793884147210815,0.23640014512747679,-0.06435996125442711
2025-10,kernel_2.0,1-24,all,1374,0.1564982369253204,0.22596517664663512,-0.0872295002117127
2025-10,kernel_2.0,1-24,turbine_1,687,0.1574253928130305,0.22645122641579682,-0.08744477987789787
2025-10,kernel_2.0,1-24,turbine_2,687,0.15557108103761025,0.22547807913114648,-0.08701422054552757
2025-10,kernel_2.0,25-48,all,1374,0.17246513812278055,0.24596829803622744,-0.08282483162026501
2025-10,kernel_2.0,25-48,turbine_1,687,0.1738106737730447,0.24708598545475433,-0.08335235257852912
2025-10,kernel_2.0,25-48,turbine_2,687,0.17111960247251642,0.24484550857536627,-0.08229731066200094
2025-10,kernel_blend_0.5,1-24,all,1374,0.14716447266139707,0.22201602769436002,-0.09208306638043932
2025-10,kernel_blend_0.5,1-24,turbine_1,687,0.14769593249452817,0.22213305403798217,-0.09137504596181006
2025-10,kernel_blend_0.5,1-24,turbine_2,687,0.14663301282826602,0.22189893963271784,-0.0927910867990686
2025-10,kernel_blend_0.5,25-48,all,1374,0.1640909562060615,0.2434838128658787,-0.08396967019069429
2025-10,kernel_blend_0.5,25-48,turbine_1,687,0.16525079897226194,0.24454789294239115,-0.08329294873937079
2025-10,kernel_blend_0.5,25-48,turbine_2,687,0.16293111343986108,0.24241506205854718,-0.08464639164201777
2025-10,kernel_blend_1.0,1-24,all,1374,0.14817396040196631,0.2228733447608088,-0.0932488426918722
2025-10,kernel_blend_1.0,1-24,turbine_1,687,0.1486799743088701,0.22293887280272404,-0.09251900726067576
2025-10,kernel_blend_1.0,1-24,turbine_2,687,0.14766794649506254,0.22280779744701823,-0.09397867812306865
2025-10,kernel_blend_1.0,25-48,all,1374,0.1654526045661745,0.24412914092051927,-0.08654568111110128
2025-10,kernel_blend_1.0,25-48,turbine_1,687,0.16644841006891456,0.24496407496204445,-0.08586174130108812
2025-10,kernel_blend_1.0,25-48,turbine_2,687,0.16445679906343444,0.24329134154583343,-0.08722962092111444
2025-10,kernel_blend_2.0,1-24,all,1374,0.15611972060915189,0.23061524886072962,-0.1006686607708558
2025-10,kernel_blend_2.0,1-24,turbine_1,687,0.15637124904727318,0.23025869178258826,-0.0999035491849171
2025-10,kernel_blend_2.0,1-24,turbine_2,687,0.15586819217103057,0.23097125551194364,-0.10143377235679452
2025-10,kernel_blend_2.0,25-48,all,1374,0.17206613320505618,0.24969280401417054,-0.0955339690243848
2025-10,kernel_blend_2.0,25-48,turbine_1,687,0.17280393972712638,0.25005158755045026,-0.09486964242386824
2025-10,kernel_blend_2.0,25-48,turbine_2,687,0.171328326682986,0.2493335041995308,-0.09619829562490134
2025-10,kernel_q0.4,1-24,all,1374,0.1599608288775048,0.24298613804077573,-0.12278716134197767
2025-10,kernel_q0.4,1-24,turbine_1,687,0.16119843384886723,0.243444586848905,-0.1228261854618471
2025-10,kernel_q0.4,1-24,turbine_2,687,0.1587232239061424,0.2425268226277411,-0.12274813722210826
2025-10,kernel_q0.4,25-48,all,1374,0.17489189509641978,0.2619741382356006,-0.1168958837476661
2025-10,kernel_q0.4,25-48,turbine_1,687,0.17657940284223023,0.26321906797345607,-0.11742315794024347
2025-10,kernel_q0.4,25-48,turbine_2,687,0.17320438735060936,0.2607232641398851,-0.11636860955508872
2025-10,kernel_q0.6,1-24,all,1374,0.13536735561222488,0.19890583296351483,-0.015783789630899558
2025-10,kernel_q0.6,1-24,turbine_1,687,0.13680521134630577,0.200039533527853,-0.016075002698931768
2025-10,kernel_q0.6,1-24,turbine_2,687,0.13392949987814398,0.19776563351547788,-0.015492576562867335
2025-10,kernel_q0.6,25-48,all,1374,0.15602598660590522,0.22873344639381443,-0.005247806299249055
2025-10,kernel_q0.6,25-48,turbine_1,687,0.15765598712091206,0.2303814050630755,-0.00554718962751985
2025-10,kernel_q0.6,25-48,turbine_2,687,0.15439598609089833,0.22707352817875331,-0.004948422970978265
2025-10,measured_median,1-24,all,1374,0.15554862930616206,0.23394469388386993,-0.1103861838913149
2025-10,measured_median,1-24,turbine_1,687,0.15480388161086853,0.23236373564150337,-0.10796496846191171
2025-10,measured_median,1-24,turbine_2,687,0.1562933770014556,0.23551503975661667,-0.1128073993207181
2025-10,measured_median,25-48,all,1374,0.17200211062590975,0.2526214293883322,-0.10452455118874333
2025-10,measured_median,25-48,turbine_1,687,0.17186074721009217,0.25194554628349997,-0.10195982532751093
2025-10,measured_median,25-48,turbine_2,687,0.1721434740417273,0.2532955090014764,-0.10708927704997574
2025-10,recent_kernel_14,1-24,all,1374,0.14206364581063283,0.2145698166581925,-0.07584577353549568
2025-10,recent_kernel_14,1-24,turbine_1,687,0.14353845042299201,0.21559995100096205,-0.07616996377596177
2025-10,recent_kernel_14,1-24,turbine_2,687,0.14058884119827367,0.21353471279827888,-0.07552158329502959
2025-10,recent_kernel_14,25-48,all,1374,0.16063873225425737,0.23948906510000195,-0.06858539495868636
2025-10,recent_kernel_14,25-48,turbine_1,687,0.16239992863926664,0.24119056638204384,-0.06911377133364574
2025-10,recent_kernel_14,25-48,turbine_2,687,0.1588775358692481,0.2377753883253161,-0.068057018583727
2025-10,recent_kernel_30,1-24,all,1374,0.14166546154367818,0.21389658709518738,-0.07424667639787406
2025-10,recent_kernel_30,1-24,turbine_1,687,0.14304750140404854,0.21485062449016487,-0.0744332331400716
2025-10,recent_kernel_30,1-24,turbine_2,687,0.14028342168330782,0.21293827532438678,-0.07406011965567653
2025-10,recent_kernel_30,25-48,all,1374,0.16036051765401618,0.23884871474964806,-0.06687837680520083
2025-10,recent_kernel_30,25-48,turbine_1,687,0.16207299479637827,0.24044100292115508,-0.06727457091419783
2025-10,recent_kernel_30,25-48,turbine_2,687,0.15864804051165415,0.23724574008691196,-0.06648218269620383
2025-10,seasonal_blend,1-24,all,1374,0.145740872149442,0.2197878123865555,-0.087257102134886
2025-10,seasonal_blend,1-24,turbine_1,687,0.14634279475982534,0.2200358502366696,-0.08637974284327998
2025-10,seasonal_blend,1-24,turbine_2,687,0.1451389495390587,0.21953949430105132,-0.08813446142649199
2025-10,seasonal_blend,25-48,all,1374,0.16353664483260552,0.24243420747682598,-0.0792836851043183
2025-10,seasonal_blend,25-48,turbine_1,687,0.16489064774381368,0.24351648243366358,-0.07841745511887434
2025-10,seasonal_blend,25-48,turbine_2,687,0.1621826419213974,0.24134707931311003,-0.08014991508976226
2025-10,seasonal_median,1-24,all,1374,0.15376591460456088,0.23153347770968163,-0.10753377001455604
2025-10,seasonal_median,1-24,turbine_1,687,0.15394890829694324,0.2312010843903145,-0.1065812227074236
2025-10,seasonal_median,1-24,turbine_2,687,0.15358292091217857,0.23186539452324914,-0.10848631732168851
2025-10,seasonal_median,25-48,all,1374,0.17062110625909752,0.25073120350915434,-0.10125262008733625
2025-10,seasonal_median,25-48,turbine_1,687,0.17127193110140707,0.25106594245895086,-0.10033229015041244
2025-10,seasonal_median,25-48,turbine_2,687,0.16997028141678794,0.25039601706795717,-0.10217295002426005
2025-11,blend_direct_0.25,1-24,all,1440,0.18134056582180008,0.26693491965510296,-0.12104822240583732
2025-11,blend_direct_0.25,1-24,turbine_1,720,0.1828257462322964,0.2684194573059146,-0.12352684448834617
2025-11,blend_direct_0.25,1-24,turbine_2,720,0.17985538541130375,0.265442079561909,-0.1185696003233285
2025-11,blend_direct_0.25,25-48,all,1440,0.18377335722593205,0.2689556482207276,-0.12611503369504393
2025-11,blend_direct_0.25,25-48,turbine_1,720,0.18572212245959152,0.27056448550517687,-0.1287606614849987
2025-11,blend_direct_0.25,25-48,turbine_2,720,0.18182459199227263,0.2673371291141252,-0.12346940590508915
2025-11,blend_direct_0.5,1-24,all,1440,0.1736723525590078,0.2564011296335124,-0.10116763052364462
2025-11,blend_direct_0.5,1-24,turbine_1,720,0.17509811649279916,0.25843692058878703,-0.10466092873297153
2025-11,blend_direct_0.5,1-24,turbine_2,720,0.17224658862521647,0.2543490448798019,-0.09767433231431775
2025-11,blend_direct_0.5,25-48,all,1440,0.17567451174637005,0.25753126868791854,-0.10730229869793054
2025-11,blend_direct_0.5,25-48,turbine_1,720,0.17766997278907942,0.25973588384665325,-0.11103730827394975
2025-11,blend_direct_0.5,25-48,turbine_2,720,0.17367905070366066,0.25530761709439,-0.10356728912191128
2025-11,blend_direct_0.75,1-24,all,1440,0.1673737526461329,0.24874633375129698,-0.08128703864145195
2025-11,blend_direct_0.75,1-24,turbine_1,720,0.16894263527202752,0.2509922216403019,-0.08579501297759685
2025-11,blend_direct_0.75,1-24,turbine_2,720,0.16580487002023825,0.24647998252492798,-0.07677906430530705
2025-11,blend_direct_0.75,25-48,all,1440,0.1685640912343891,0.24870497650611365,-0.08848956370081712
2025-11,blend_direct_0.75,25-48,turbine_1,720,0.17064633153160763,0.2511761145133864,-0.09331395506290081
2025-11,blend_direct_0.75,25-48,turbine_2,720,0.16648185093717058,0.24620903755908574,-0.08366517233873344
2025-11,blend_medians_0.25,1-24,all,1440,0.17952959780092595,0.26492358930577947,-0.11688322627314815
2025-11,blend_medians_0.25,1-24,turbine_1,720,0.18045052662037037,0.2660638196024442,-0.11860178819444446
2025-11,blend_medians_0.25,1-24,turbine_2,720,0.17860866898148153,0.2637784302020783,-0.11516466435185185
2025-11,blend_medians_0.25,25-48,all,1440,0.1819078298611111,0.2668728853426029,-0.12188660300925926
2025-11,blend_medians_0.25,25-48,turbine_1,720,0.18330681712962962,0.26811996101897584,-0.12374206018518519
2025-11,blend_medians_0.25,25-48,turbine_2,720,0.18050884259259262,0.26561995475745975,-0.12003114583333334
2025-11,blend_medians_0.5,1-24,all,1440,0.17259964699074076,0.2552871698817634,-0.09839096643518519
2025-11,blend_medians_0.5,1-24,turbine_1,720,0.17367244212962962,0.25712661527409203,-0.10137755787037037
2025-11,blend_medians_0.5,1-24,turbine_2,720,0.17152685185185185,0.2534343740106495,-0.09540437499999999
2025-11,blend_medians_0.5,25-48,all,1440,0.1745358101851852,0.25633384095117523,-0.10448334490740743
2025-11,blend_medians_0.5,25-48,turbine_1,720,0.1761752777777778,0.2583203029322736,-0.10769157407407409
2025-11,blend_medians_0.5,25-48,turbine_2,720,0.1728963425925926,0.254331864158904,-0.10127511574074073
2025-11,blend_medians_0.75,1-24,all,1440,0.16692518229166667,0.24831697371937822,-0.07989870659722222
2025-11,blend_medians_0.75,1-24,turbine_1,720,0.16835170717592593,0.2504820006889722,-0.0841533275462963
2025-11,blend_medians_0.75,1-24,turbine_2,720,0.1654986574074074,0.2461329035402428,-0.07564408564814816
2025-11,blend_medians_0.75,25-48,all,1440,0.16804068287037036,0.24821533043561586,-0.08708008680555555
2025-11,blend_medians_0.75,25-48,turbine_1,720,0.1699578472222222,0.2505893702682057,-0.09164108796296297
2025-11,blend_medians_0.75,25-48,turbine_2,720,0.16612351851851853,0.2458183639094281,-0.08251908564814815
2025-11,curve,1-24,all,1440,0.18994773978930823,0.28002298962141775,-0.14092881428803006
2025-11,curve,1-24,turbine_1,720,0.19118627369969288,0.280669173111146,-0.1423927602437208
2025-11,curve,1-24,turbine_2,720,0.18870920587892365,0.2793753115401196,-0.1394648683323392
2025-11,curve,25-48,all,1440,0.19262342415129033,0.28266327036312155,-0.14492776869215732
2025-11,curve,25-48,turbine_1,720,0.1943374310648344,0.28340196696437825,-0.14648401469604763
2025-11,curve,25-48,turbine_2,720,0.1909094172377463,0.2819226382280638,-0.14337152268826703
2025-11,dayahead_kernel,1-24,all,1440,0.16993678265733805,0.2543517606498028,-0.08535661526510323
2025-11,dayahead_kernel,1-24,turbine_1,720,0.17190230084365396,0.25596261166651607,-0.08914613065609289
2025-11,dayahead_kernel,1-24,turbine_2,720,0.16797126447102212,0.2527306426220719,-0.08156709987411358
2025-11,dayahead_kernel,25-48,all,1440,0.17037597189369288,0.25368449659496367,-0.09292653453933812
2025-11,dayahead_kernel,25-48,turbine_1,720,0.17266395332054282,0.2555707249188733,-0.09652530105307902
2025-11,dayahead_kernel,25-48,turbine_2,720,0.16808799046684297,0.25178413808205213,-0.08932776802559722
2025-11,direct_median,1-24,all,1440,0.16246045138888887,0.2442413747983485,-0.06140644675925926
2025-11,direct_median,1-24,turbine_1,720,0.1640320601851852,0.2463155806317576,-0.0669290972222222
2025-11,direct_median,1-24,turbine_2,720,0.1608888425925926,0.2421494023631172,-0.05588379629629632
2025-11,direct_median,25-48,all,1440,0.1628200462962963,0.2427603214500358,-0.06967682870370372
2025-11,direct_median,25-48,turbine_1,720,0.1647587962962963,0.2451229778090989,-0.07559060185185183
2025-11,direct_median,25-48,turbine_2,720,0.16088129629629627,0.24037444350647882,-0.06376305555555557
2025-11,kernel_0.5,1-24,all,1440,0.16301470131447943,0.24670262387441871,-0.06608487775308197
2025-11,kernel_0.5,1-24,turbine_1,720,0.1643018035672426,0.24737511059294945,-0.06945174886402147
2025-11,kernel_0.5,1-24,turbine_2,720,0.1617275990617163,0.2460282990067847,-0.06271800664214247
2025-11,kernel_0.5,25-48,all,1440,0.16270101121685368,0.24384266609532762,-0.07355818626450672
2025-11,kernel_0.5,25-48,turbine_1,720,0.16436636338881053,0.2450881104200888,-0.07691530582830723
2025-11,kernel_0.5,25-48,turbine_2,720,0.1610356590448968,0.2425908278308668,-0.07020106670070621
2025-11,kernel_1.0,1-24,all,1440,0.16663981916237317,0.2497140281510325,-0.07689995161618637
2025-11,kernel_1.0,1-24,turbine_1,720,0.16823399146724927,0.25091552043126775,-0.08066778002077907
2025-11,kernel_1.0,1-24,turbine_2,720,0.16504564685749704,0.2485067269060042,-0.07313212321159365
2025-11,kernel_1.0,25-48,all,1440,0.16634494508690437,0.24773978095426413,-0.08415989579287807
2025-11,kernel_1.0,25-48,turbine_1,720,0.16836281124378777,0.24935642766223712,-0.0878589132359602
2025-11,kernel_1.0,25-48,turbine_2,720,0.1643270789300209,0.24611251515934957,-0.08046087834979593
2025-11,kernel_2.0,1-24,all,1440,0.18621186189652914,0.26769846865811364,-0.11552858662572765
2025-11,kernel_2.0,1-24,turbine_1,720,0.18890721305146477,0.2700580482898768,-0.11945514881947443
2025-11,kernel_2.0,1-24,turbine_2,720,0.1835165107415936,0.2653179051584357,-0.11160202443198088
2025-11,kernel_2.0,25-48,all,1440,0.18761647501108952,0.26956419898596173,-0.12094581447175648
2025-11,kernel_2.0,25-48,turbine_1,720,0.1909514704529977,0.2722781285367812,-0.12496144913193226
2025-11,kernel_2.0,25-48,turbine_2,720,0.18428147956918145,0.26682266671029736,-0.1169301798115807
2025-11,kernel_blend_0.5,1-24,all,1440,0.17437590216505022,0.258306376071985,-0.103506846020556
2025-11,kernel_blend_0.5,1-24,turbine_1,720,0.17557545635843502,0.25946351881253177,-0.10592225455387114
2025-11,kernel_blend_0.5,1-24,turbine_2,720,0.1731763479716654,0.2571440262660255,-0.10109143748724085
2025-11,kernel_blend_0.5,25-48,all,1440,0.17596341742219548,0.25879294211988435,-0.10924297747833203
2025-11,kernel_blend_0.5,25-48,turbine_1,720,0.17772607825013453,0.26022573063789545,-0.11169966026217747
2025-11,kernel_blend_0.5,25-48,turbine_2,720,0.17420075659425638,0.25735217678524713,-0.10678629469448661
2025-11,kernel_blend_1.0,1-24,all,1440,0.1769277117713293,0.26151844820404685,-0.10891438295210819
2025-11,kernel_blend_1.0,1-24,turbine_1,720,0.17835008697047172,0.26287013172413165,-0.11153027013224993
2025-11,kernel_blend_1.0,1-24,turbine_2,720,0.1755053365721868,0.2601597419845028,-0.10629849577196643
2025-11,kernel_blend_1.0,25-48,all,1440,0.17851148936427996,0.26234909064370016,-0.11454383224251771
2025-11,kernel_blend_1.0,25-48,turbine_1,720,0.18042336630008957,0.26390366158998924,-0.11717146396600395
2025-11,kernel_blend_1.0,25-48,turbine_2,720,0.17659961242847047,0.26078525288549054,-0.11191620051903146
2025-11,kernel_blend_2.0,1-24,all,1440,0.1876684093005734,0.2734994471954621,-0.1282287004568788
2025-11,kernel_blend_2.0,1-24,turbine_1,720,0.18960131270535194,0.275052798534754,-0.13092395453159764
2025-11,kernel_blend_2.0,1-24,turbine_2,720,0.18573550589579485,0.27193722299576195,-0.12553344638216005
2025-11,kernel_blend_2.0,25-48,all,1440,0.18968923884370936,0.27578206190792676,-0.13293679158195693
2025-11,kernel_blend_2.0,25-48,turbine_1,720,0.19226628786640307,0.277547143986216,-0.13572273191398995
2025-11,kernel_blend_2.0,25-48,turbine_2,720,0.18711218982101568,0.27400560980656913,-0.13015085124992387
2025-11,kernel_q0.4,1-24,all,1440,0.1841580103848198,0.2792925056501772,-0.13557570401560706
2025-11,kernel_q0.4,1-24,turbine_1,720,0.18731762721374076,0.2812368231065188,-0.13992480910332644
2025-11,kernel_q0.4,1-24,turbine_2,720,0.18099839355589886,0.27733455744580626,-0.1312265989278877
2025-11,kernel_q0.4,25-48,all,1440,0.18754424065893105,0.28155924247606945,-0.1434002548967983
2025-11,kernel_q0.4,25-48,turbine_1,720,0.19135903817961478,0.2840805615176525,-0.14797494730901858
2025-11,kernel_q0.4,25-48,turbine_2,720,0.1837294431382473,0.2790151404766619,-0.138825562484578
2025-11,kernel_q0.6,1-24,all,1440,0.16367125789727754,0.23287162435236541,-0.01539741366177525
2025-11,kernel_q0.6,1-24,turbine_1,720,0.16420314698046207,0.2333697266243095,-0.01821124788419015
2025-11,kernel_q0.6,1-24,turbine_2,720,0.16313936881409302,0.23237245437511184,-0.012583579439360351
2025-11,kernel_q0.6,25-48,all,1440,0.1610553833251783,0.22818161211607382,-0.021609398471557906
2025-11,kernel_q0.6,25-48,turbine_1,720,0.16207502620975664,0.2291725716701108,-0.024653487512566657
2025-11,kernel_q0.6,25-48,turbine_2,720,0.16003574044059996,0.2271863301563029,-0.018565309430549147
2025-11,measured_median,1-24,all,1440,0.187355625,0.27694805763969754,-0.13537548611111114
2025-11,measured_median,1-24,turbine_1,720,0.18790481481481483,0.27707185372488347,-0.13582601851851853
2025-11,measured_median,1-24,turbine_2,720,0.18680643518518517,0.27682420619277365,-0.13492495370370372
2025-11,measured_median,25-48,all,1440,0.1899778240740741,0.27955884354849664,-0.1392898611111111
2025-11,measured_median,25-48,turbine_1,720,0.19097162037037038,0.27977104257017466,-0.1397925462962963
2025-11,measured_median,25-48,turbine_2,720,0.18898402777777779,0.2793464833348421,-0.13878717592592593
2025-11,recent_kernel_14,1-24,all,1440,0.16645567911360526,0.25169874205453885,-0.08265866298808906
2025-11,recent_kernel_14,1-24,turbine_1,720,0.16829317634564708,0.25237734428140035,-0.08591045102479537
2025-11,recent_kernel_14,1-24,turbine_2,720,0.1646181818815634,0.25101830530290437,-0.07940687495138274
2025-11,recent_kernel_14,25-48,all,1440,0.16664797552910618,0.24992508781389383,-0.08993285395659403
2025-11,recent_kernel_14,25-48,turbine_1,720,0.16886434619202342,0.2510208565614304,-0.09290424516451559
2025-11,recent_kernel_14,25-48,turbine_2,720,0.16443160486618894,0.2488244935868068,-0.08696146274867246
2025-11,recent_kernel_30,1-24,all,1440,0.1661128162747183,0.2501145910519921,-0.0782328948872586
2025-11,recent_kernel_30,1-24,turbine_1,720,0.1677545020221081,0.25102019764878114,-0.08164614726161515
2025-11,recent_kernel_30,1-24,turbine_2,720,0.16447113052732845,0.24920569352761046,-0.07481964251290203
2025-11,recent_kernel_30,25-48,all,1440,0.16591220574680182,0.24800268880890444,-0.08545616940162692
2025-11,recent_kernel_30,25-48,turbine_1,720,0.16802568032427917,0.24937248537497642,-0.08876411300366173
2025-11,recent_kernel_30,25-48,turbine_2,720,0.16379873116932453,0.24662528428934408,-0.0821482257995921
2025-11,seasonal_blend,1-24,all,1440,0.17170333912037036,0.2562901243016861,-0.09931514467592593
2025-11,seasonal_blend,1-24,turbine_1,720,0.1731627662037037,0.2583334292952704,-0.10286869212962964
2025-11,seasonal_blend,1-24,turbine_2,720,0.17024391203703704,0.25423039735187625,-0.09576159722222223
2025-11,seasonal_blend,25-48,all,1440,0.17377195023148148,0.25716510784241153,-0.10560668402777777
2025-11,seasonal_blend,25-48,turbine_1,720,0.17575627314814812,0.2593618156759943,-0.10929828703703703
2025-11,seasonal_blend,25-48,turbine_2,720,0.1717876273148148,0.2549494733323642,-0.10191508101851851
2025-11,seasonal_median,1-24,all,1440,0.18592254629629631,0.2777883858696653,-0.13722384259259257
2025-11,seasonal_median,1-24,turbine_1,720,0.18724657407407408,0.278755457468859,-0.13880828703703704
2025-11,seasonal_median,1-24,turbine_2,720,0.18459851851851852,0.27681793579801744,-0.13563939814814813
2025-11,seasonal_median,25-48,all,1440,0.1887266550925926,0.28027239806772675,-0.14153653935185184
2025-11,seasonal_median,25-48,turbine_1,720,0.19048189814814817,0.2812820622726006,-0.14300597222222222
2025-11,seasonal_median,25-48,turbine_2,720,0.18697141203703704,0.27925908343497324,-0.14006710648148146
2025-12,blend_direct_0.25,1-24,all,1474,0.2098765225180204,0.2959800805198873,-0.10297699941582748
2025-12,blend_direct_0.25,1-24,turbine_1,740,0.20812036596213337,0.293678985834193,-0.10425196396343694
2025-12,blend_direct_0.25,1-24,turbine_2,734,0.21164703457708914,0.2982820157470803,-0.10169161281469534
2025-12,blend_direct_0.25,25-48,all,1474,0.21941278606081305,0.3129785866686932,-0.11447813934124357
2025-12,blend_direct_0.25,25-48,turbine_1,740,0.2183959771488302,0.31188822324683757,-0.1157459179891042
2025-12,blend_direct_0.25,25-48,turbine_2,734,0.22043790676226713,0.314074031236069,-0.11319999738018517
2025-12,blend_direct_0.5,1-24,all,1474,0.2024790263509729,0.2904076772900175,-0.07403842023470363
2025-12,blend_direct_0.5,1-24,turbine_1,740,0.20037417461200527,0.2880025972340607,-0.07552772822787687
2025-12,blend_direct_0.5,1-24,turbine_2,734,0.2046010839624662,0.29281242053947093,-0.07253693806174967
2025-12,blend_direct_0.5,25-48,all,1474,0.2132549490226251,0.3081414509337275,-0.08787013525810028
2025-12,blend_direct_0.5,25-48,turbine_1,740,0.21201671699663738,0.307070450838547,-0.08932077715790128
2025-12,blend_direct_0.5,25-48,turbine_2,734,0.21450330283629124,0.3092174507156542,-0.08640763525012649
2025-12,blend_direct_0.75,1-24,all,1474,0.19714582521120463,0.2900733369596227,-0.04509984105357975
2025-12,blend_direct_0.75,1-24,turbine_1,740,0.19501254515955926,0.28741297324739373,-0.04680349249231682
2025-12,blend_direct_0.75,1-24,turbine_2,734,0.199296543519403,0.29273097366457956,-0.04338226330880397
2025-12,blend_direct_0.75,25-48,all,1474,0.20870349755617956,0.3075766816608511,-0.06126213117495697
2025-12,blend_direct_0.75,25-48,turbine_1,740,0.20726494755271255,0.3063872279835743,-0.0628956363266984
2025-12,blend_direct_0.75,25-48,turbine_2,734,0.21015380682398013,0.30877122005806756,-0.05961527312006778
2025-12,blend_medians_0.25,1-24,all,1474,0.2080106965174129,0.29467761263579,-0.09835234056987788
2025-12,blend_medians_0.25,1-24,turbine_1,740,0.2058238795045045,0.29214852806294916,-0.09866849662162164
2025-12,blend_medians_0.25,1-24,turbine_2,734,0.21021538941871024,0.29720558575672545,-0.09803360013623977
2025-12,blend_medians_0.25,25-48,all,1474,0.21772977442333788,0.31194936309272026,-0.11004886080958842
2025-12,blend_medians_0.25,25-48,turbine_1,740,0.21637966216216215,0.3107223536151364,-0.11043438063063063
2025-12,blend_medians_0.25,25-48,turbine_2,734,0.21909092302452315,0.313181536269893,-0.1096601896003633
2025-12,blend_medians_0.5,1-24,all,1474,0.20139893713251922,0.2899106668407358,-0.07095531433740389
2025-12,blend_medians_0.5,1-24,turbine_1,740,0.1990606418918919,0.2874439508011883,-0.07180541666666668
2025-12,blend_medians_0.5,1-24,turbine_2,734,0.20375634650317895,0.2923764805172504,-0.0700982629427793
2025-12,blend_medians_0.5,25-48,all,1474,0.21228562302125736,0.3077789682866967,-0.0849172829036635
2025-12,blend_medians_0.5,25-48,turbine_1,740,0.2108845045045045,0.3066871113551993,-0.08577975225225226
2025-12,blend_medians_0.5,25-48,turbine_2,734,0.2136981948228883,0.30887584340313756,-0.08404776339691189
2025-12,blend_medians_0.75,1-24,all,1474,0.19669822478516508,0.2900181961404457,-0.04355828810492989
2025-12,blend_medians_0.75,1-24,turbine_1,740,0.19447011824324326,0.2873736373665637,-0.04494233671171172
2025-12,blend_medians_0.75,1-24,turbine_2,734,0.19894454473206175,0.29266018277938655,-0.0421629257493188
2025-12,blend_medians_0.75,25-48,all,1474,0.20830871494798736,0.3075622725519297,-0.059785704997738574
2025-12,blend_medians_0.75,25-48,turbine_1,740,0.20679656531531532,0.3063981345993799,-0.06112512387387387
2025-12,blend_medians_0.75,25-48,turbine_2,734,0.20983322547683922,0.30873148304941966,-0.05843533719346049
2025-12,curve,1-24,all,1474,0.21894929052276113,0.30650498841229146,-0.13191557859695136
2025-12,curve,1-24,turbine_1,740,0.2173184308200255,0.30415747452925396,-0.132976199698997
2025-12,curve,1-24,turbine_2,734,0.22059348150372082,0.30885363010734573,-0.130846287567641
2025-12,curve,25-48,all,1474,0.2270123730609167,0.32189554344580507,-0.14108614342438686
2025-12,curve,25-48,turbine_1,740,0.2261331790602374,0.32065423673655197,-0.14217105882030706
2025-12,curve,25-48,turbine_2,734,0.2278987539335362,0.3231421701751555,-0.13999235951024386
2025-12,dayahead_kernel,1-24,all,1474,0.19539302740732248,0.29001686243852276,-0.03858673768353391
2025-12,dayahead_kernel,1-24,turbine_1,740,0.19344454390760113,0.28693477156497726,-0.04112705246214553
2025-12,dayahead_kernel,1-24,turbine_2,734,0.19735743856507978,0.2930913402014818,-0.03602565738902085
2025-12,dayahead_kernel,25-48,all,1474,0.20677288709249575,0.3076063152109097,-0.054771896508868725
2025-12,dayahead_kernel,25-48,turbine_1,740,0.2057171043503293,0.30624213319120847,-0.057235348726212394
2025-12,dayahead_kernel,25-48,turbine_2,734,0.20783730021130112,0.30897555148211814,-0.05228830707993914
2025-12,direct_median,1-24,all,1474,0.19520237449118044,0.29499487016265646,-0.016161261872455902
2025-12,direct_median,1-24,turbine_1,740,0.19296871621621622,0.29194093623989703,-0.018079256756756763
2025-12,direct_median,1-24,turbine_2,734,0.1974542915531335,0.298042092462504,-0.014227588555858305
2025-12,direct_median,25-48,all,1474,0.20682045454545453,0.31130753230046637,-0.03465412709181367
2025-12,direct_median,25-48,turbine_1,740,0.20516067567567567,0.30986590467471553,-0.03647049549549551
2025-12,direct_median,25-48,turbine_2,734,0.20849380108991825,0.3127542175959485,-0.032822910990009085
2025-12,kernel_0.5,1-24,all,1474,0.19476715040255352,0.2942596986508994,-0.01959459544206062
2025-12,kernel_0.5,1-24,turbine_1,740,0.19267522065958745,0.29119774177593266,-0.021869838544247764
2025-12,kernel_0.5,1-24,turbine_2,734,0.19687618038865012,0.29731476495833337,-0.01730075362241692
2025-12,kernel_0.5,25-48,all,1474,0.20638431304522542,0.31084638156150873,-0.03788958893485241
2025-12,kernel_0.5,25-48,turbine_1,740,0.20472375847460214,0.30926845779643214,-0.04011537034664543
2025-12,kernel_0.5,25-48,turbine_2,734,0.2080584416314124,0.312429136701533,-0.03564561312459786
2025-12,kernel_1.0,1-24,all,1474,0.1947986468878244,0.29000213778884715,-0.03342626837382617
2025-12,kernel_1.0,1-24,turbine_1,740,0.19269581085887022,0.28673451499672786,-0.035956344429613735
2025-12,kernel_1.0,1-24,turbine_2,734,0.19691867231211063,0.2932596168221691,-0.030875510497419077
2025-12,kernel_1.0,25-48,all,1474,0.2061644890458983,0.30759218399152377,-0.050036551396076843
2025-12,kernel_1.0,25-48,turbine_1,740,0.20497842654266782,0.3061151628475806,-0.05259959118699185
2025-12,kernel_1.0,25-48,turbine_2,734,0.20736024688294263,0.30907413370341474,-0.04745256032621701
2025-12,kernel_2.0,1-24,all,1474,0.20551945379507108,0.28860027506893143,-0.0802345684417708
2025-12,kernel_2.0,1-24,turbine_1,740,0.2046298984177178,0.28635583480282345,-0.08336951097839153
2025-12,kernel_2.0,1-24,turbine_2,734,0.2064162807422664,0.2908455296023472,-0.0770739996718807
2025-12,kernel_2.0,25-48,all,1474,0.21466274432493754,0.30519633638773497,-0.09154462399603477
2025-12,kernel_2.0,25-48,turbine_1,740,0.21405732641949402,0.3039095892038665,-0.09440707264540904
2025-12,kernel_2.0,25-48,turbine_2,734,0.21527311115058906,0.306488133342919,-0.0886587765838591
2025-12,kernel_blend_0.5,1-24,all,1474,0.2027131383612523,0.2906559972464592,-0.07575508701950597
2025-12,kernel_blend_0.5,1-24,turbine_1,740,0.20080637228401615,0.2883266751605107,-0.07742301912162236
2025-12,kernel_blend_0.5,1-24,turbine_2,734,0.20463549108217155,0.2929856142257473,-0.07407352059502897
2025-12,kernel_blend_0.5,25-48,all,1474,0.21335100954034514,0.30839447708262213,-0.08948786617961962
2025-12,kernel_blend_0.5,25-48,turbine_1,740,0.2122022617464882,0.307333693073346,-0.09114321458347625
2025-12,kernel_blend_0.5,25-48,turbine_2,734,0.21450914764314366,0.3094602514547241,-0.08781898631742086
2025-12,kernel_blend_1.0,1-24,all,1474,0.20408682220629346,0.2912470881634154,-0.08267092348538876
2025-12,kernel_blend_1.0,1-24,turbine_1,740,0.2022659844514102,0.2888233990941675,-0.08446627206430536
2025-12,kernel_blend_1.0,1-24,turbine_2,734,0.20592254419350545,0.29367034123218133,-0.08086089903253005
2025-12,kernel_blend_1.0,25-48,all,1474,0.21423777303444558,0.30893924799906386,-0.09556134741023184
2025-12,kernel_blend_1.0,25-48,turbine_1,740,0.21331528104063702,0.30794592627832207,-0.09738532500364948
2025-12,kernel_blend_1.0,25-48,turbine_2,734,0.21516780583474301,0.3099374668846309,-0.09372245991823046
2025-12,kernel_blend_2.0,1-24,all,1474,0.21138882222232158,0.296320506071081,-0.10607507351936106
2025-12,kernel_blend_2.0,1-24,turbine_1,740,0.21015872595388405,0.2941882856783486,-0.10817285533869425
2025-12,kernel_blend_2.0,1-24,turbine_2,734,0.2126289737736074,0.2984547361575303,-0.10396014361976087
2025-12,kernel_blend_2.0,25-48,all,1474,0.22013172356637276,0.3124619502844416,-0.11631538371021083
2025-12,kernel_blend_2.0,25-48,turbine_1,740,0.21939895019611982,0.3113373032497866,-0.11828906573285806
2025-12,kernel_blend_2.0,25-48,turbine_2,734,0.22087048690967953,0.3135917076868398,-0.11432556804705149
2025-12,kernel_q0.4,1-24,all,1474,0.2071425430446568,0.3034993724794703,-0.09772059874509943
2025-12,kernel_q0.4,1-24,turbine_1,740,0.20595995660961058,0.3011648487428121,-0.1009118398307496
2025-12,kernel_q0.4,1-24,turbine_2,734,0.20833479639879054,0.3058349408774244,-0.09450327122005704
2025-12,kernel_q0.4,25-48,all,1474,0.2180352576705742,0.32172284354699354,-0.11115743746180194
2025-12,kernel_q0.4,25-48,turbine_1,740,0.21758881593752027,0.3205432805009178,-0.11414976499958414
2025-12,kernel_q0.4,25-48,turbine_2,734,0.21848534879109177,0.32290768697431127,-0.10814064948093158
2025-12,kernel_q0.6,1-24,all,1474,0.19753071655038743,0.2908457581098162,0.03247390773208703
2025-12,kernel_q0.6,1-24,turbine_1,740,0.1951770828153536,0.2869960529457015,0.02972460344001419
2025-12,kernel_q0.6,1-24,turbine_2,734,0.19990358979824177,0.29467602499468276,0.03524568590120678
2025-12,kernel_q0.6,25-48,all,1474,0.20778425721907284,0.3054720095489245,0.014271711308163832
2025-12,kernel_q0.6,25-48,turbine_1,740,0.20598597816962444,0.30343249537336614,0.011776678781571803
2025-12,kernel_q0.6,25-48,turbine_2,734,0.20959723609726333,0.3075145029229337,0.016787139196008657
2025-12,measured_median,1-24,all,1474,0.2161656037991859,0.30408988147359306,-0.12574936680235188
2025-12,measured_median,1-24,turbine_1,740,0.2138940990990991,0.30127034411761267,-0.12553157657657657
2025-12,measured_median,1-24,turbine_2,734,0.21845567665758403,0.3069062464670547,-0.12596893732970027
2025-12,measured_median,25-48,all,1474,0.22455443238353684,0.31991887556113113,-0.13518043871551333
2025-12,measured_median,25-48,turbine_1,740,0.22320549549549548,0.3183614411014314,-0.13508900900900903
2025-12,measured_median,25-48,turbine_2,734,0.22591439600363306,0.3214814033393011,-0.1352726158038147
2025-12,recent_kernel_14,1-24,all,1474,0.19584692991377423,0.2976292317659146,-0.030062001869204692
2025-12,recent_kernel_14,1-24,turbine_1,740,0.1935528902335249,0.29458102123151225,-0.0303572271301762
2025-12,recent_kernel_14,1-24,turbine_2,734,0.198159721961982,0.3006710783990366,-0.029764363322721157
2025-12,recent_kernel_14,25-48,all,1474,0.207476827965016,0.31441508148302,-0.04882796521935819
2025-12,recent_kernel_14,25-48,turbine_1,740,0.20605642556668705,0.31296856038418225,-0.049197744822206735
2025-12,recent_kernel_14,25-48,turbine_2,734,0.20890884128213238,0.315866721242774,-0.04845516289496046
2025-12,recent_kernel_30,1-24,all,1474,0.1948447013704818,0.29352089448935137,-0.027231536073230592
2025-12,recent_kernel_30,1-24,turbine_1,740,0.19258530371910199,0.29024032782272846,-0.02850660693543211
2025-12,recent_kernel_30,1-24,turbine_2,734,0.1971225682124724,0.2967915726778879,-0.025946042288449774
2025-12,recent_kernel_30,25-48,all,1474,0.2061419962623952,0.3105035208082962,-0.04518975537232349
2025-12,recent_kernel_30,25-48,turbine_1,740,0.20470290348709866,0.3087914378660073,-0.046472814595716526
2025-12,recent_kernel_30,25-48,turbine_2,734,0.20759285273885228,0.31222009535540834,-0.0438962079263959
2025-12,seasonal_blend,1-24,all,1474,0.20176847014925373,0.293962957829007,-0.07526406037991859
2025-12,seasonal_blend,1-24,turbine_1,740,0.19929297297297296,0.2913321382994307,-0.0754170045045045
2025-12,seasonal_blend,1-24,turbine_2,734,0.2042642029972752,0.2965916608962248,-0.07510986603088102
2025-12,seasonal_blend,25-48,all,1474,0.21270719696969695,0.3114867164485894,-0.08917984509271824
2025-12,seasonal_blend,25-48,turbine_1,740,0.2112472747747748,0.3102705650853314,-0.08935799549549552
2025-12,seasonal_blend,25-48,turbine_2,734,0.21417905313351498,0.31270802125951314,-0.08900023841961852
2025-12,seasonal_median,1-24,all,1474,0.2183660673903211,0.3116011384580514,-0.13436685888738129
2025-12,seasonal_median,1-24,turbine_1,740,0.21580245495495495,0.30821939447332725,-0.13275475225225225
2025-12,seasonal_median,1-24,turbine_2,734,0.22095063578564944,0.3149737734638033,-0.13599214350590372
2025-12,seasonal_median,25-48,all,1474,0.22628665762098596,0.32710046690872685,-0.14370556309362278
2025-12,seasonal_median,25-48,turbine_1,740,0.22466405405405404,0.3250555369053461,-0.14224549549549548
2025-12,seasonal_median,25-48,turbine_2,734,0.22792252497729334,0.32914925231990894,-0.14517756584922797
2026-01,blend_direct_0.25,1-24,all,1488,0.1527847961093526,0.22772449590357258,-0.05364879329719466
2026-01,blend_direct_0.25,1-24,turbine_1,744,0.15197090198153393,0.2264056818327766,-0.0537606042374679
2026-01,blend_direct_0.25,1-24,turbine_2,744,0.15359869023717132,0.22903571621672458,-0.05353698235692141
2026-01,blend_direct_0.25,25-48,all,1488,0.17353757494453464,0.2501107838511054,-0.04910940607062359
2026-01,blend_direct_0.25,25-48,turbine_1,744,0.172736216113084,0.24915963819318193,-0.04923734091762627
2026-01,blend_direct_0.25,25-48,turbine_2,744,0.17433893377598528,0.2510583260771716,-0.04898147122362092
2026-01,blend_direct_0.5,1-24,all,1488,0.15069392538432916,0.22366157966013014,-0.026577790961570633
2026-01,blend_direct_0.5,1-24,turbine_1,744,0.1497700823936307,0.22237411941683766,-0.0270877743900921
2026-01,blend_direct_0.5,1-24,turbine_2,744,0.15161776837502758,0.2249416712077055,-0.02606780753304916
2026-01,blend_direct_0.5,25-48,all,1488,0.1726169725541844,0.2490571395462332,-0.021124822834418112
2026-01,blend_direct_0.5,25-48,turbine_1,744,0.1717847442582961,0.2481045240498819,-0.021685706370412727
2026-01,blend_direct_0.5,25-48,turbine_2,744,0.17344920085007273,0.2500061252527332,-0.020563939298423498
2026-01,blend_direct_0.75,1-24,all,1488,0.15122947984826168,0.22564089873698812,0.0004932113740533934
2026-01,blend_direct_0.75,1-24,turbine_1,744,0.15025858725973182,0.22416549013104867,-0.00041494454271629735
2026-01,blend_direct_0.75,1-24,turbine_2,744,0.15220037243679152,0.2271067224896219,0.0014013672908230906
2026-01,blend_direct_0.75,25-48,all,1488,0.1744959370190734,0.2536693075559902,0.006859760401787365
2026-01,blend_direct_0.75,25-48,turbine_1,744,0.17388872855973836,0.25250054731923977,0.005865928176800809
2026-01,blend_direct_0.75,25-48,turbine_2,744,0.17510314547840852,0.2548327074677728,0.007853592626773917
2026-01,blend_medians_0.25,1-24,all,1488,0.15225517473118277,0.22693123053846187,-0.050077200940860205
2026-01,blend_medians_0.25,1-24,turbine_1,744,0.15133015232974908,0.2255197407826557,-0.049602228942652316
2026-01,blend_medians_0.25,1-24,turbine_2,744,0.1531801971326165,0.2283339950702147,-0.05055217293906811
2026-01,blend_medians_0.25,25-48,all,1488,0.1733447524641577,0.24976379942201812,-0.04561279681899641
2026-01,blend_medians_0.25,25-48,turbine_1,744,0.17248544466845878,0.24882083978996494,-0.04512452396953404
2026-01,blend_medians_0.25,25-48,turbine_2,744,0.17420406025985663,0.2507032123640637,-0.046101069668458776
2026-01,blend_medians_0.5,1-24,all,1488,0.1505528785842294,0.22357119222796043,-0.024196729390680998
2026-01,blend_medians_0.5,1-24,turbine_1,744,0.14958519265232975,0.22230598394904258,-0.024315524193548373
2026-01,blend_medians_0.5,1-24,turbine_2,744,0.15152056451612902,0.2248292807641195,-0.024077934587813626
2026-01,blend_medians_0.5,25-48,all,1488,0.17272056451612902,0.24923574663739625,-0.018793749999999994
2026-01,blend_medians_0.5,25-48,turbine_1,744,0.1719271169354839,0.24837391978913165,-0.018943828405017907
2026-01,blend_medians_0.5,25-48,turbine_2,744,0.1735140120967742,0.25009460364506625,-0.018643671594982078
2026-01,blend_medians_0.75,1-24,all,1488,0.151274311155914,0.2258176517486646,0.0016837421594982128
2026-01,blend_medians_0.75,1-24,turbine_1,744,0.1503116711469534,0.22439547285984632,0.0009711805555555662
2026-01,blend_medians_0.75,1-24,turbine_2,744,0.15223695116487454,0.2272309297665446,0.002396303763440857
2026-01,blend_medians_0.75,25-48,all,1488,0.17465403785842296,0.25395852510042166,0.00802529681899642
2026-01,blend_medians_0.75,25-48,turbine_1,744,0.1740923443100358,0.2528764795392668,0.007236867159498215
2026-01,blend_medians_0.75,25-48,turbine_2,744,0.17521573140681002,0.25503597988948495,0.008813726478494623
2026-01,curve,1-24,all,1488,0.15784640669270014,0.23751978157250445,-0.08071979563281867
2026-01,curve,1-24,turbine_1,744,0.157041247419058,0.23596190011301568,-0.0804334340848437
2026-01,curve,1-24,turbine_2,744,0.1586515659663423,0.23906751132589232,-0.08100615718079367
2026-01,curve,25-48,all,1488,0.1767793419677241,0.2567604991327971,-0.07709398930682906
2026-01,curve,25-48,turbine_1,744,0.17608251209399584,0.25559839152101954,-0.0767889754648398
2026-01,curve,25-48,turbine_2,744,0.1774761718414524,0.25791737064748815,-0.07739900314881833
2026-01,dayahead_kernel,1-24,all,1488,0.15149108167451877,0.2258473968476913,0.00841599340577444
2026-01,dayahead_kernel,1-24,turbine_1,744,0.1508312219948011,0.22392507354130078,0.007722094135476716
2026-01,dayahead_kernel,1-24,turbine_2,744,0.15215094135423643,0.22775349561594038,0.009109892676072163
2026-01,dayahead_kernel,25-48,all,1488,0.1749277135822569,0.25458414933645246,0.014704542331262819
2026-01,dayahead_kernel,25-48,turbine_1,744,0.17449429858765877,0.253058552455661,0.01374634332376313
2026-01,dayahead_kernel,25-48,turbine_2,744,0.17536112857685504,0.25610065836654095,0.01566274133876252
2026-01,direct_median,1-24,all,1488,0.15491262320788532,0.23350885408234345,0.02756421370967742
2026-01,direct_median,1-24,turbine_1,744,0.15413982974910395,0.2316447424484363,0.026257885304659504
2026-01,direct_median,1-24,turbine_2,744,0.1556854166666667,0.2353582018237222,0.028870542114695332
2026-01,direct_median,25-48,all,1488,0.1799687612007168,0.26365011039171865,0.03484434363799284
2026-01,direct_median,25-48,turbine_1,744,0.17938140681003584,0.2620735391680148,0.03341756272401435
2026-01,direct_median,25-48,turbine_2,744,0.18055611559139786,0.2652173099310862,0.03627112455197133
2026-01,kernel_0.5,1-24,all,1488,0.1537988356231212,0.2322183644905564,0.022755043768467893
2026-01,kernel_0.5,1-24,turbine_1,744,0.15296149986694588,0.23007745298323223,0.022019532289006265
2026-01,kernel_0.5,1-24,turbine_2,744,0.15463617137929647,0.23433971759410818,0.023490555247929534
2026-01,kernel_0.5,25-48,all,1488,0.17901216052398072,0.2624222874859819,0.030025423177429844
2026-01,kernel_0.5,25-48,turbine_1,744,0.17868688284521841,0.26094094667773493,0.0291228631625845
2026-01,kernel_0.5,25-48,turbine_2,744,0.17933743820274303,0.26389531311805847,0.03092798319227518
2026-01,kernel_1.0,1-24,all,1488,0.15177022184516778,0.22683271639484429,0.011377430720198213
2026-01,kernel_1.0,1-24,turbine_1,744,0.15105780353701947,0.22489729423956895,0.010837010612018007
2026-01,kernel_1.0,1-24,turbine_2,744,0.15248264015331614,0.22875176392292254,0.011917850828378417
2026-01,kernel_1.0,25-48,all,1488,0.17575082581975407,0.25610592841232943,0.017776213881743247
2026-01,kernel_1.0,25-48,turbine_1,744,0.17540774983684954,0.2545912731238049,0.01705197704220521
2026-01,kernel_1.0,25-48,turbine_2,744,0.17609390180265871,0.257611678277757,0.018500450721281286
2026-01,kernel_2.0,1-24,all,1488,0.15517385102985246,0.22202754405503175,-0.02185293204053902
2026-01,kernel_2.0,1-24,turbine_1,744,0.15517215912910293,0.22084098818656586,-0.02214081631179182
2026-01,kernel_2.0,1-24,turbine_2,744,0.15517554293060198,0.22320779237069485,-0.021565047769286205
2026-01,kernel_2.0,25-48,all,1488,0.17584901926298335,0.2457086698524908,-0.018002779185075493
2026-01,kernel_2.0,25-48,turbine_1,744,0.17560504035824737,0.24478014844396412,-0.018334977945993484
2026-01,kernel_2.0,25-48,turbine_2,744,0.17609299816771926,0.24663369560769982,-0.017670580424157492
2026-01,kernel_blend_0.5,1-24,all,1488,0.1506002271689625,0.22391700760122513,-0.028982375932175394
2026-01,kernel_blend_0.5,1-24,turbine_1,744,0.1496449997018649,0.22245358792480366,-0.029206950897918724
2026-01,kernel_blend_0.5,1-24,turbine_2,744,0.1515554546360601,0.22537092493388733,-0.028757800966432066
2026-01,kernel_blend_0.5,25-48,all,1488,0.1725659489676085,0.249231598904936,-0.023534283064699613
2026-01,kernel_blend_0.5,25-48,turbine_1,744,0.17188043226735808,0.24829266486348606,-0.023833056151127657
2026-01,kernel_blend_0.5,25-48,turbine_2,744,0.17325146566785887,0.25016700893685084,-0.023235509978271576
2026-01,kernel_blend_1.0,1-24,all,1488,0.15084956126740484,0.22405931332751755,-0.034671182456310234
2026-01,kernel_blend_1.0,1-24,turbine_1,744,0.1501062171711932,0.22265626778146125,-0.03479821173641285
2026-01,kernel_blend_1.0,1-24,turbine_2,744,0.15159290536361641,0.2254536275938526,-0.03454415317620762
2026-01,kernel_blend_1.0,25-48,all,1488,0.1725812024749559,0.24872536550855537,-0.029658887712542915
2026-01,kernel_blend_1.0,25-48,turbine_1,744,0.1718482049315924,0.24772739475879688,-0.029868499211317297
2026-01,kernel_blend_1.0,25-48,turbine_2,744,0.17331420001831932,0.24971934803044024,-0.029449276213768524
2026-01,kernel_blend_2.0,1-24,all,1488,0.15501497114042856,0.22767457702453348,-0.051286363836678846
2026-01,kernel_blend_2.0,1-24,turbine_1,744,0.1544865828294269,0.226399365786825,-0.051287125198317775
2026-01,kernel_blend_2.0,1-24,turbine_2,744,0.1555433594514302,0.22894268544315596,-0.05128560247503994
2026-01,kernel_blend_2.0,25-48,all,1488,0.17500502524650202,0.24925869822301464,-0.04754838424595227
2026-01,kernel_blend_2.0,25-48,turbine_1,744,0.1745013303767836,0.24830776276989833,-0.04756197670541665
2026-01,kernel_blend_2.0,25-48,turbine_2,744,0.17550872011622054,0.25020601956761884,-0.04753479178648791
2026-01,kernel_q0.4,1-24,all,1488,0.1485196436579919,0.23034828768623108,-0.053249549944164906
2026-01,kernel_q0.4,1-24,turbine_1,744,0.14814222539588892,0.2289845675656838,-0.05379806571180281
2026-01,kernel_q0.4,1-24,turbine_2,744,0.14889706192009486,0.231703981616014,-0.052701034176527
2026-01,kernel_q0.4,25-48,all,1488,0.16978711137044902,0.2538767104792726,-0.04917541080881576
2026-01,kernel_q0.4,25-48,turbine_1,744,0.16960027972191097,0.25287189324980963,-0.04999294310721965
2026-01,kernel_q0.4,25-48,turbine_2,744,0.16997394301898705,0.2548775663957299,-0.04835787851041189
2026-01,kernel_q0.6,1-24,all,1488,0.17306015976488204,0.24732233057072397,0.08088992340720977
2026-01,kernel_q0.6,1-24,turbine_1,744,0.17236994481185136,0.24486107050767741,0.0802504602527309
2026-01,kernel_q0.6,1-24,turbine_2,744,0.1737503747179128,0.24975933725829583,0.08152938656168864
2026-01,kernel_q0.6,25-48,all,1488,0.19936536443619404,0.2789696504817096,0.08878055616405922
2026-01,kernel_q0.6,25-48,turbine_1,744,0.19835977894346976,0.2770412394428608,0.08794514017255231
2026-01,kernel_q0.6,25-48,turbine_2,744,0.20037094992891832,0.28088482235204143,0.08961597215556613
2026-01,measured_median,1-24,all,1488,0.15665626120071685,0.23565807442073328,-0.07595767249103942
2026-01,measured_median,1-24,turbine_1,744,0.15561227598566307,0.23381817121294654,-0.07488893369175625
2026-01,measured_median,1-24,turbine_2,744,0.1577002464157706,0.23748372342122515,-0.07702641129032259
2026-01,measured_median,25-48,all,1488,0.17616325044802864,0.2555101304657932,-0.07243184363799282
2026-01,measured_median,25-48,turbine_1,744,0.17533268369175628,0.2541911342892773,-0.07130521953405017
2026-01,measured_median,25-48,turbine_2,744,0.17699381720430105,0.25682235259031466,-0.07355846774193549
2026-01,recent_kernel_14,1-24,all,1488,0.160927648313126,0.2289812628452322,0.044359643192278836
2026-01,recent_kernel_14,1-24,turbine_1,744,0.1606532249759629,0.2276138566783432,0.04550750279629643
2026-01,recent_kernel_14,1-24,turbine_2,744,0.16120207165028916,0.23034055161088174,0.043211783588261256
2026-01,recent_kernel_14,25-48,all,1488,0.18807114087212884,0.26232370069506666,0.05025971393383082
2026-01,recent_kernel_14,25-48,turbine_1,744,0.18807340017908172,0.26181845332089726,0.05154956673542834
2026-01,recent_kernel_14,25-48,turbine_2,744,0.18806888156517598,0.262827976808716,0.04896986113223329
2026-01,recent_kernel_30,1-24,all,1488,0.15469877749663583,0.22719031779070464,0.025214837907767976
2026-01,recent_kernel_30,1-24,turbine_1,744,0.15422806634678504,0.22548015327405294,0.025903305402521774
2026-01,recent_kernel_30,1-24,turbine_2,744,0.15516948864648664,0.22888770494544336,0.02452637041301419
2026-01,recent_kernel_30,25-48,all,1488,0.18008136008724185,0.25843441376308146,0.03153441058028408
2026-01,recent_kernel_30,25-48,turbine_1,744,0.18017479086454688,0.25767783572791525,0.03238405333814817
2026-01,recent_kernel_30,25-48,turbine_2,744,0.17998792930993682,0.259188783338926,0.030684767822419967
2026-01,seasonal_blend,1-24,all,1488,0.14927189740143368,0.22648209528600793,-0.03334812948028674
2026-01,seasonal_blend,1-24,turbine_1,744,0.14832997311827956,0.2251503634144228,-0.03245891577060932
2026-01,seasonal_blend,1-24,turbine_2,744,0.15021382168458783,0.22780604211616975,-0.03423734318996416
2026-01,seasonal_blend,25-48,all,1488,0.1709679435483871,0.2512270685605061,-0.027406642025089606
2026-01,seasonal_blend,25-48,turbine_1,744,0.17035449148745518,0.2504853928219284,-0.026503729838709675
2026-01,seasonal_blend,25-48,turbine_2,744,0.17158139560931898,0.25196656115019445,-0.028309554211469534
2026-01,seasonal_median,1-24,all,1488,0.15788070116487454,0.24449160340564804,-0.0942604726702509
2026-01,seasonal_median,1-24,turbine_1,744,0.15602782258064515,0.24166781621744884,-0.09117571684587815
2026-01,seasonal_median,1-24,turbine_2,744,0.15973357974910393,0.24728314717428432,-0.09734522849462364
2026-01,seasonal_median,25-48,all,1488,0.17639279793906812,0.2624889122306289,-0.08965762768817204
2026-01,seasonal_median,25-48,turbine_1,744,0.17528971774193547,0.2605433067352012,-0.0864250224014337
2026-01,seasonal_median,25-48,turbine_2,744,0.17749587813620069,0.26442020233621427,-0.09289023297491039
